{
  "romHash" : "334781C830F135CF30A33E392D8AAA4AFDC223F9",
  "stimuli" : [ {
    "@type" : "snapshot",
    "timestamp" : 1000000,
    "hash" : "005978DED52C0F69908EC00DD353445241FD1227"
  }, {
    "@type" : "snapshot",
    "timestamp" : 2000000,
    "hash" : "005978DED52C0F69908EC00DD353445241FD1227"
  }, {
    "@type" : "snapshot",
    "timestamp" : 3000000,
    "hash" : "BF7753864B749CF46F2F3524BA5C7C335FC7F1D6"
  }, {
    "@type" : "buttonDown",
    "timestamp" : 3537547,
    "button" : "START"
  }, {
    "@type" : "buttonUp",
    "timestamp" : 3599424,
    "button" : "START"
  }, {
    "@type" : "snapshot",
    "timestamp" : 4000000,
    "hash" : "9DCE0B9B2EE19453E342BC888DA41E5BDC780426"
  }, {
    "@type" : "buttonDown",
    "timestamp" : 4439860,
    "button" : "START"
  }, {
    "@type" : "buttonUp",
    "timestamp" : 4511169,
    "button" : "START"
  }, {
    "@type" : "snapshot",
    "timestamp" : 5000000,
    "hash" : "B5E4B5E3753723F69608448CF3FE28974A44B39B"
  }, {
    "@type" : "buttonDown",
    "timestamp" : 5429807,
    "button" : "START"
  }, {
    "@type" : "buttonUp",
    "timestamp" : 5501921,
    "button" : "START"
  }, {
    "@type" : "snapshot",
    "timestamp" : 6000000,
    "hash" : "EA46685236547E540FADDC3AF627DB748F6839DA"
  }, {
    "@type" : "snapshot",
    "timestamp" : 7000000,
    "hash" : "2F45655C4A84EEF4D9990CA8BE1239720A12C933"
  }, {
    "@type" : "buttonDown",
    "timestamp" : 7934476,
    "button" : "A"
  }, {
    "@type" : "snapshot",
    "timestamp" : 8000000,
    "hash" : "58E79877D175AF298B19ADC5A69CB0C7B2E6226D"
  }, {
    "@type" : "buttonUp",
    "timestamp" : 8018588,
    "button" : "A"
  }, {
    "@type" : "buttonDown",
    "timestamp" : 8592647,
    "button" : "A"
  }, {
    "@type" : "buttonUp",
    "timestamp" : 8687688,
    "button" : "A"
  }, {
    "@type" : "snapshot",
    "timestamp" : 9000000,
    "hash" : "96FCB52AA445BCEC08478A8BE61B9D0AA31749E9"
  }, {
    "@type" : "buttonDown",
    "timestamp" : 9351417,
    "button" : "START"
  }, {
    "@type" : "buttonUp",
    "timestamp" : 9413047,
    "button" : "START"
  }, {
    "@type" : "snapshot",
    "timestamp" : 10000000,
    "hash" : "11D59042039E9530361C8E6C72D255CEE36DC64E"
  }, {
    "@type" : "close",
    "timestamp" : 10269387
  } ]
}