{
  "romHash" : "334781C830F135CF30A33E392D8AAA4AFDC223F9",
  "stimuli" : [ {
    "@type" : "snapshot",
    "timestamp" : 1000000,
    "hash" : "EED658F245DB5C98F2BA43EFEE6867C71B04200B"
  }, {
    "@type" : "snapshot",
    "timestamp" : 2000000,
    "hash" : "EED658F245DB5C98F2BA43EFEE6867C71B04200B"
  }, {
    "@type" : "snapshot",
    "timestamp" : 3000000,
    "hash" : "79D9D48B67D1065A477A6C5F5BFE4648C92ED5E1"
  }, {
    "@type" : "buttonDown",
    "timestamp" : 3984165,
    "button" : "START"
  }, {
    "@type" : "snapshot",
    "timestamp" : 4000000,
    "hash" : "7E93EC78ACA98499D14A1F7FCA4FD5795316D8AF"
  }, {
    "@type" : "buttonUp",
    "timestamp" : 4063325,
    "button" : "START"
  }, {
    "@type" : "snapshot",
    "timestamp" : 5000000,
    "hash" : "427B15A79BA2BFFDF1784A8AB510E5498083F420"
  }, {
    "@type" : "buttonDown",
    "timestamp" : 5344190,
    "button" : "START"
  }, {
    "@type" : "buttonUp",
    "timestamp" : 5421151,
    "button" : "START"
  }, {
    "@type" : "snapshot",
    "timestamp" : 6000000,
    "hash" : "AEA53D6EE262C1A8A51F7B6AF01364ACC8A8AB00"
  }, {
    "@type" : "snapshot",
    "timestamp" : 7000000,
    "hash" : "6CEE287D003D031DF2076006F2DECDBDF2611075"
  }, {
    "@type" : "snapshot",
    "timestamp" : 8000000,
    "hash" : "56A7A14BCED2A2FF8ED2B711CDBE7CA0401A01FD"
  }, {
    "@type" : "snapshot",
    "timestamp" : 9000000,
    "hash" : "F883726A5F4E5A700E3D689A802695F41AAB385E"
  }, {
    "@type" : "snapshot",
    "timestamp" : 10000000,
    "hash" : "328FB79AC6E1D5CAE48F6B37A5FB79D35ECA9A20"
  }, {
    "@type" : "close",
    "timestamp" : 10699297
  } ]
}