{
  "romHash" : "334781C830F135CF30A33E392D8AAA4AFDC223F9",
  "stimuli" : [ {
    "@type" : "snapshot",
    "timestamp" : 1000000,
    "hash" : "EED658F245DB5C98F2BA43EFEE6867C71B04200B"
  }, {
    "@type" : "snapshot",
    "timestamp" : 2000000,
    "hash" : "EED658F245DB5C98F2BA43EFEE6867C71B04200B"
  }, {
    "@type" : "snapshot",
    "timestamp" : 3000000,
    "hash" : "79D9D48B67D1065A477A6C5F5BFE4648C92ED5E1"
  }, {
    "@type" : "buttonDown",
    "timestamp" : 3537547,
    "button" : "START"
  }, {
    "@type" : "buttonUp",
    "timestamp" : 3599424,
    "button" : "START"
  }, {
    "@type" : "snapshot",
    "timestamp" : 4000000,
    "hash" : "3E2A4E71ACB267452C4A840E7242CB85F28CAEDE"
  }, {
    "@type" : "buttonDown",
    "timestamp" : 4439860,
    "button" : "START"
  }, {
    "@type" : "buttonUp",
    "timestamp" : 4511169,
    "button" : "START"
  }, {
    "@type" : "snapshot",
    "timestamp" : 5000000,
    "hash" : "652DF8DB238A6CD88CFA2CE2589760423DA983F1"
  }, {
    "@type" : "buttonDown",
    "timestamp" : 5429807,
    "button" : "START"
  }, {
    "@type" : "buttonUp",
    "timestamp" : 5501921,
    "button" : "START"
  }, {
    "@type" : "snapshot",
    "timestamp" : 6000000,
    "hash" : "F5513974569DB70E0D097AE55F7C0B24E98591A0"
  }, {
    "@type" : "snapshot",
    "timestamp" : 7000000,
    "hash" : "28EFD9EF8A0D95BE082EE5D4293ADDE7F3ACAC97"
  }, {
    "@type" : "buttonDown",
    "timestamp" : 7934476,
    "button" : "A"
  }, {
    "@type" : "snapshot",
    "timestamp" : 8000000,
    "hash" : "A11DB8A797A634C5D55B7AB7AFAB8F843A8CD9FD"
  }, {
    "@type" : "buttonUp",
    "timestamp" : 8018588,
    "button" : "A"
  }, {
    "@type" : "buttonDown",
    "timestamp" : 8592647,
    "button" : "A"
  }, {
    "@type" : "buttonUp",
    "timestamp" : 8687688,
    "button" : "A"
  }, {
    "@type" : "snapshot",
    "timestamp" : 9000000,
    "hash" : "53ABF38D72AFBD41461C8A191A6610B1D391BC8C"
  }, {
    "@type" : "buttonDown",
    "timestamp" : 9351417,
    "button" : "START"
  }, {
    "@type" : "buttonUp",
    "timestamp" : 9413047,
    "button" : "START"
  }, {
    "@type" : "snapshot",
    "timestamp" : 10000000,
    "hash" : "56829641E15ABCBCED5B7B59E56299B321DB4A8E"
  }, {
    "@type" : "close",
    "timestamp" : 10269387
  } ]
}