{
  "romHash" : "EA388B7B826E14CB907FBEDC1651EE831FB22D41",
  "stimuli" : [ {
    "@type" : "snapshot",
    "timestamp" : 1000000,
    "hash" : "C411F0A6F9D95C640A5732B5E02161224BBC5ACF"
  }, {
    "@type" : "snapshot",
    "timestamp" : 2000000,
    "hash" : "C411F0A6F9D95C640A5732B5E02161224BBC5ACF"
  }, {
    "@type" : "buttonDown",
    "timestamp" : 2166335,
    "button" : "A"
  }, {
    "@type" : "buttonUp",
    "timestamp" : 2252168,
    "button" : "A"
  }, {
    "@type" : "snapshot",
    "timestamp" : 3000000,
    "hash" : "8C63A5C4DCBC775CF0FC243AED2CD51A63ECF0B2"
  }, {
    "@type" : "buttonDown",
    "timestamp" : 3952050,
    "button" : "START"
  }, {
    "@type" : "snapshot",
    "timestamp" : 4000000,
    "hash" : "90F5617D23CB55FCC467DB49F05CB4016DA9371B"
  }, {
    "@type" : "buttonUp",
    "timestamp" : 4051240,
    "button" : "START"
  }, {
    "@type" : "snapshot",
    "timestamp" : 5000000,
    "hash" : "90F5617D23CB55FCC467DB49F05CB4016DA9371B"
  }, {
    "@type" : "buttonDown",
    "timestamp" : 5673818,
    "button" : "START"
  }, {
    "@type" : "buttonUp",
    "timestamp" : 5759934,
    "button" : "START"
  }, {
    "@type" : "snapshot",
    "timestamp" : 6000000,
    "hash" : "8C63A5C4DCBC775CF0FC243AED2CD51A63ECF0B2"
  }, {
    "@type" : "buttonDown",
    "timestamp" : 6435883,
    "button" : "A"
  }, {
    "@type" : "buttonUp",
    "timestamp" : 6513782,
    "button" : "A"
  }, {
    "@type" : "buttonDown",
    "timestamp" : 6639638,
    "button" : "RIGHT"
  }, {
    "@type" : "snapshot",
    "timestamp" : 7000000,
    "hash" : "AA0966C13FC8603C8BB89E323BA5D2F031C1C366"
  }, {
    "@type" : "buttonDown",
    "timestamp" : 7774392,
    "button" : "B"
  }, {
    "@type" : "buttonUp",
    "timestamp" : 7838323,
    "button" : "B"
  }, {
    "@type" : "snapshot",
    "timestamp" : 8000000,
    "hash" : "F583C7ED73BC6F83D9033A940D777366578F7A81"
  }, {
    "@type" : "buttonDown",
    "timestamp" : 8178534,
    "button" : "B"
  }, {
    "@type" : "buttonUp",
    "timestamp" : 8240951,
    "button" : "B"
  }, {
    "@type" : "buttonUp",
    "timestamp" : 8265739,
    "button" : "RIGHT"
  }, {
    "@type" : "buttonDown",
    "timestamp" : 8436745,
    "button" : "A"
  }, {
    "@type" : "buttonUp",
    "timestamp" : 8568610,
    "button" : "A"
  }, {
    "@type" : "buttonDown",
    "timestamp" : 8644053,
    "button" : "B"
  }, {
    "@type" : "buttonUp",
    "timestamp" : 8696395,
    "button" : "B"
  }, {
    "@type" : "buttonDown",
    "timestamp" : 8737251,
    "button" : "B"
  }, {
    "@type" : "buttonUp",
    "timestamp" : 8778467,
    "button" : "B"
  }, {
    "@type" : "buttonDown",
    "timestamp" : 8818809,
    "button" : "B"
  }, {
    "@type" : "buttonUp",
    "timestamp" : 8853763,
    "button" : "B"
  }, {
    "@type" : "buttonDown",
    "timestamp" : 8888689,
    "button" : "B"
  }, {
    "@type" : "buttonUp",
    "timestamp" : 8939209,
    "button" : "B"
  }, {
    "@type" : "snapshot",
    "timestamp" : 9000000,
    "hash" : "CD1611F3E94C1984EF93F879316C507D16280C72"
  }, {
    "@type" : "buttonDown",
    "timestamp" : 9124589,
    "button" : "UP"
  }, {
    "@type" : "buttonDown",
    "timestamp" : 9230115,
    "button" : "A"
  }, {
    "@type" : "buttonUp",
    "timestamp" : 9241110,
    "button" : "UP"
  }, {
    "@type" : "buttonUp",
    "timestamp" : 9298239,
    "button" : "A"
  }, {
    "@type" : "buttonDown",
    "timestamp" : 9389346,
    "button" : "B"
  }, {
    "@type" : "buttonUp",
    "timestamp" : 9425279,
    "button" : "B"
  }, {
    "@type" : "buttonDown",
    "timestamp" : 9472846,
    "button" : "B"
  }, {
    "@type" : "buttonUp",
    "timestamp" : 9512781,
    "button" : "B"
  }, {
    "@type" : "buttonDown",
    "timestamp" : 9563562,
    "button" : "B"
  }, {
    "@type" : "buttonUp",
    "timestamp" : 9627455,
    "button" : "B"
  }, {
    "@type" : "buttonDown",
    "timestamp" : 9693711,
    "button" : "B"
  }, {
    "@type" : "buttonUp",
    "timestamp" : 9759058,
    "button" : "B"
  }, {
    "@type" : "buttonDown",
    "timestamp" : 9774966,
    "button" : "RIGHT"
  }, {
    "@type" : "buttonDown",
    "timestamp" : 9810895,
    "button" : "B"
  }, {
    "@type" : "buttonUp",
    "timestamp" : 9873501,
    "button" : "B"
  }, {
    "@type" : "buttonDown",
    "timestamp" : 9914274,
    "button" : "B"
  }, {
    "@type" : "buttonUp",
    "timestamp" : 9952835,
    "button" : "B"
  }, {
    "@type" : "buttonUp",
    "timestamp" : 9972149,
    "button" : "RIGHT"
  }, {
    "@type" : "snapshot",
    "timestamp" : 10000000,
    "hash" : "918AEF05B7EBBF7E040E29A17230BF6646E8E766"
  }, {
    "@type" : "buttonDown",
    "timestamp" : 10059636,
    "button" : "A"
  }, {
    "@type" : "buttonDown",
    "timestamp" : 10252535,
    "button" : "B"
  }, {
    "@type" : "buttonUp",
    "timestamp" : 10273086,
    "button" : "A"
  }, {
    "@type" : "buttonUp",
    "timestamp" : 10322720,
    "button" : "B"
  }, {
    "@type" : "buttonDown",
    "timestamp" : 10387014,
    "button" : "RIGHT"
  }, {
    "@type" : "buttonDown",
    "timestamp" : 10602838,
    "button" : "A"
  }, {
    "@type" : "buttonUp",
    "timestamp" : 10792371,
    "button" : "A"
  }, {
    "@type" : "buttonUp",
    "timestamp" : 10794294,
    "button" : "RIGHT"
  }, {
    "@type" : "buttonDown",
    "timestamp" : 10876146,
    "button" : "RIGHT"
  }, {
    "@type" : "buttonDown",
    "timestamp" : 10940011,
    "button" : "B"
  }, {
    "@type" : "snapshot",
    "timestamp" : 11000000,
    "hash" : "7A2F759C663F0D42FA5C56B02DC3CE8A5E4E7D5F"
  }, {
    "@type" : "buttonUp",
    "timestamp" : 11002875,
    "button" : "B"
  }, {
    "@type" : "buttonUp",
    "timestamp" : 11292689,
    "button" : "RIGHT"
  }, {
    "@type" : "buttonDown",
    "timestamp" : 11470305,
    "button" : "RIGHT"
  }, {
    "@type" : "buttonDown",
    "timestamp" : 11495510,
    "button" : "A"
  }, {
    "@type" : "buttonUp",
    "timestamp" : 11703458,
    "button" : "A"
  }, {
    "@type" : "buttonUp",
    "timestamp" : 11720433,
    "button" : "RIGHT"
  }, {
    "@type" : "snapshot",
    "timestamp" : 12000000,
    "hash" : "801D5162DAA3241B541E30094002B973FC16B7BD"
  }, {
    "@type" : "close",
    "timestamp" : 12031786
  } ]
}