{
  "romHash" : "EA388B7B826E14CB907FBEDC1651EE831FB22D41",
  "stimuli" : [ {
    "@type" : "snapshot",
    "timestamp" : 1000000,
    "hash" : "C411F0A6F9D95C640A5732B5E02161224BBC5ACF"
  }, {
    "@type" : "snapshot",
    "timestamp" : 2000000,
    "hash" : "C411F0A6F9D95C640A5732B5E02161224BBC5ACF"
  }, {
    "@type" : "snapshot",
    "timestamp" : 3000000,
    "hash" : "4E858DFE0A9F4C707A7B894C9EC619D63E148B13"
  }, {
    "@type" : "buttonDown",
    "timestamp" : 3732434,
    "button" : "START"
  }, {
    "@type" : "buttonUp",
    "timestamp" : 3832280,
    "button" : "START"
  }, {
    "@type" : "snapshot",
    "timestamp" : 4000000,
    "hash" : "90F5617D23CB55FCC467DB49F05CB4016DA9371B"
  }, {
    "@type" : "buttonDown",
    "timestamp" : 4985936,
    "button" : "START"
  }, {
    "@type" : "snapshot",
    "timestamp" : 5000000,
    "hash" : "90F5617D23CB55FCC467DB49F05CB4016DA9371B"
  }, {
    "@type" : "buttonUp",
    "timestamp" : 5062346,
    "button" : "START"
  }, {
    "@type" : "buttonDown",
    "timestamp" : 5190983,
    "button" : "A"
  }, {
    "@type" : "buttonUp",
    "timestamp" : 5273990,
    "button" : "A"
  }, {
    "@type" : "buttonDown",
    "timestamp" : 5980294,
    "button" : "START"
  }, {
    "@type" : "snapshot",
    "timestamp" : 6000000,
    "hash" : "1F6A4614FCB939065567F58ED8BA023F21BD6529"
  }, {
    "@type" : "buttonUp",
    "timestamp" : 6053452,
    "button" : "START"
  }, {
    "@type" : "buttonDown",
    "timestamp" : 6940919,
    "button" : "A"
  }, {
    "@type" : "snapshot",
    "timestamp" : 7000000,
    "hash" : "93F9C718BA7759E088720E1F5123EF672A7F0B4A"
  }, {
    "@type" : "buttonUp",
    "timestamp" : 7014577,
    "button" : "A"
  }, {
    "@type" : "buttonDown",
    "timestamp" : 7198470,
    "button" : "RIGHT"
  }, {
    "@type" : "snapshot",
    "timestamp" : 8000000,
    "hash" : "C6A00D666877CDF7FA1F1272B4BDBB26B80EE676"
  }, {
    "@type" : "buttonDown",
    "timestamp" : 8371748,
    "button" : "B"
  }, {
    "@type" : "buttonUp",
    "timestamp" : 8434059,
    "button" : "B"
  }, {
    "@type" : "buttonDown",
    "timestamp" : 8620095,
    "button" : "B"
  }, {
    "@type" : "buttonUp",
    "timestamp" : 8692567,
    "button" : "B"
  }, {
    "@type" : "buttonUp",
    "timestamp" : 8758053,
    "button" : "RIGHT"
  }, {
    "@type" : "buttonDown",
    "timestamp" : 8874877,
    "button" : "UP"
  }, {
    "@type" : "buttonDown",
    "timestamp" : 8893099,
    "button" : "DOWN"
  }, {
    "@type" : "buttonUp",
    "timestamp" : 8949174,
    "button" : "DOWN"
  }, {
    "@type" : "snapshot",
    "timestamp" : 9000000,
    "hash" : "37649FE4F73B8BB607410873704DA7A643B2C6CE"
  }, {
    "@type" : "buttonDown",
    "timestamp" : 9052131,
    "button" : "A"
  }, {
    "@type" : "buttonUp",
    "timestamp" : 9056005,
    "button" : "UP"
  }, {
    "@type" : "buttonUp",
    "timestamp" : 9189465,
    "button" : "A"
  }, {
    "@type" : "buttonDown",
    "timestamp" : 9263866,
    "button" : "B"
  }, {
    "@type" : "buttonUp",
    "timestamp" : 9313622,
    "button" : "B"
  }, {
    "@type" : "buttonDown",
    "timestamp" : 9355409,
    "button" : "B"
  }, {
    "@type" : "buttonUp",
    "timestamp" : 9397513,
    "button" : "B"
  }, {
    "@type" : "buttonDown",
    "timestamp" : 9436908,
    "button" : "B"
  }, {
    "@type" : "buttonUp",
    "timestamp" : 9492853,
    "button" : "B"
  }, {
    "@type" : "buttonDown",
    "timestamp" : 9704908,
    "button" : "A"
  }, {
    "@type" : "buttonUp",
    "timestamp" : 9820529,
    "button" : "A"
  }, {
    "@type" : "buttonDown",
    "timestamp" : 9853835,
    "button" : "B"
  }, {
    "@type" : "buttonUp",
    "timestamp" : 9899654,
    "button" : "B"
  }, {
    "@type" : "buttonDown",
    "timestamp" : 9953424,
    "button" : "B"
  }, {
    "@type" : "buttonUp",
    "timestamp" : 9995350,
    "button" : "B"
  }, {
    "@type" : "snapshot",
    "timestamp" : 10000000,
    "hash" : "9C2B96DE8A0B9ADB379A131D49FE4DFA3F77FCA2"
  }, {
    "@type" : "buttonDown",
    "timestamp" : 10041239,
    "button" : "B"
  }, {
    "@type" : "buttonUp",
    "timestamp" : 10083862,
    "button" : "B"
  }, {
    "@type" : "buttonDown",
    "timestamp" : 10312208,
    "button" : "B"
  }, {
    "@type" : "buttonUp",
    "timestamp" : 10375209,
    "button" : "B"
  }, {
    "@type" : "buttonDown",
    "timestamp" : 10461214,
    "button" : "RIGHT"
  }, {
    "@type" : "snapshot",
    "timestamp" : 11000000,
    "hash" : "E7B61DF1CBD98A95790B33B889DB1C1FF30399CD"
  }, {
    "@type" : "buttonUp",
    "timestamp" : 11173302,
    "button" : "RIGHT"
  }, {
    "@type" : "close",
    "timestamp" : 11668306
  } ]
}