{
  "romHash" : "EA388B7B826E14CB907FBEDC1651EE831FB22D41",
  "stimuli" : [ {
    "@type" : "snapshot",
    "timestamp" : 1000000,
    "hash" : "B4074DF9D7CF8C9EF48168F32EEB59E97CE7A2AD"
  }, {
    "@type" : "snapshot",
    "timestamp" : 2000000,
    "hash" : "B4074DF9D7CF8C9EF48168F32EEB59E97CE7A2AD"
  }, {
    "@type" : "snapshot",
    "timestamp" : 3000000,
    "hash" : "FA70CBA17FACC3E505EA1D3F2167E367DCE0538E"
  }, {
    "@type" : "buttonDown",
    "timestamp" : 3732434,
    "button" : "START"
  }, {
    "@type" : "buttonUp",
    "timestamp" : 3832280,
    "button" : "START"
  }, {
    "@type" : "snapshot",
    "timestamp" : 4000000,
    "hash" : "E06077E545A12054480BE31EDD62500DA35D2507"
  }, {
    "@type" : "buttonDown",
    "timestamp" : 4985936,
    "button" : "START"
  }, {
    "@type" : "snapshot",
    "timestamp" : 5000000,
    "hash" : "E06077E545A12054480BE31EDD62500DA35D2507"
  }, {
    "@type" : "buttonUp",
    "timestamp" : 5062346,
    "button" : "START"
  }, {
    "@type" : "buttonDown",
    "timestamp" : 5190983,
    "button" : "A"
  }, {
    "@type" : "buttonUp",
    "timestamp" : 5273990,
    "button" : "A"
  }, {
    "@type" : "buttonDown",
    "timestamp" : 5980294,
    "button" : "START"
  }, {
    "@type" : "snapshot",
    "timestamp" : 6000000,
    "hash" : "72E9D5340C7FF291FEAAB9D44FB7A80B23C9C626"
  }, {
    "@type" : "buttonUp",
    "timestamp" : 6053452,
    "button" : "START"
  }, {
    "@type" : "buttonDown",
    "timestamp" : 6940919,
    "button" : "A"
  }, {
    "@type" : "snapshot",
    "timestamp" : 7000000,
    "hash" : "FB4267E03016417FDCC5CAFF3AE5D0FFB882D8AB"
  }, {
    "@type" : "buttonUp",
    "timestamp" : 7014577,
    "button" : "A"
  }, {
    "@type" : "buttonDown",
    "timestamp" : 7198470,
    "button" : "RIGHT"
  }, {
    "@type" : "snapshot",
    "timestamp" : 8000000,
    "hash" : "6121DC3BB7C1A3BE819753AC18B32B86AAE1B1B9"
  }, {
    "@type" : "buttonDown",
    "timestamp" : 8371748,
    "button" : "B"
  }, {
    "@type" : "buttonUp",
    "timestamp" : 8434059,
    "button" : "B"
  }, {
    "@type" : "buttonDown",
    "timestamp" : 8620095,
    "button" : "B"
  }, {
    "@type" : "buttonUp",
    "timestamp" : 8692567,
    "button" : "B"
  }, {
    "@type" : "buttonUp",
    "timestamp" : 8758053,
    "button" : "RIGHT"
  }, {
    "@type" : "buttonDown",
    "timestamp" : 8874877,
    "button" : "UP"
  }, {
    "@type" : "buttonDown",
    "timestamp" : 8893099,
    "button" : "DOWN"
  }, {
    "@type" : "buttonUp",
    "timestamp" : 8949174,
    "button" : "DOWN"
  }, {
    "@type" : "snapshot",
    "timestamp" : 9000000,
    "hash" : "3EE2670DA9B2C649D2BEF7EDB95E1BB094E9447E"
  }, {
    "@type" : "buttonDown",
    "timestamp" : 9052131,
    "button" : "A"
  }, {
    "@type" : "buttonUp",
    "timestamp" : 9056005,
    "button" : "UP"
  }, {
    "@type" : "buttonUp",
    "timestamp" : 9189465,
    "button" : "A"
  }, {
    "@type" : "buttonDown",
    "timestamp" : 9263866,
    "button" : "B"
  }, {
    "@type" : "buttonUp",
    "timestamp" : 9313622,
    "button" : "B"
  }, {
    "@type" : "buttonDown",
    "timestamp" : 9355409,
    "button" : "B"
  }, {
    "@type" : "buttonUp",
    "timestamp" : 9397513,
    "button" : "B"
  }, {
    "@type" : "buttonDown",
    "timestamp" : 9436908,
    "button" : "B"
  }, {
    "@type" : "buttonUp",
    "timestamp" : 9492853,
    "button" : "B"
  }, {
    "@type" : "buttonDown",
    "timestamp" : 9704908,
    "button" : "A"
  }, {
    "@type" : "buttonUp",
    "timestamp" : 9820529,
    "button" : "A"
  }, {
    "@type" : "buttonDown",
    "timestamp" : 9853835,
    "button" : "B"
  }, {
    "@type" : "buttonUp",
    "timestamp" : 9899654,
    "button" : "B"
  }, {
    "@type" : "buttonDown",
    "timestamp" : 9953424,
    "button" : "B"
  }, {
    "@type" : "buttonUp",
    "timestamp" : 9995350,
    "button" : "B"
  }, {
    "@type" : "snapshot",
    "timestamp" : 10000000,
    "hash" : "77455C1BAA82E1B98DE867F1C35FD0841AB3BF86"
  }, {
    "@type" : "buttonDown",
    "timestamp" : 10041239,
    "button" : "B"
  }, {
    "@type" : "buttonUp",
    "timestamp" : 10083862,
    "button" : "B"
  }, {
    "@type" : "buttonDown",
    "timestamp" : 10312208,
    "button" : "B"
  }, {
    "@type" : "buttonUp",
    "timestamp" : 10375209,
    "button" : "B"
  }, {
    "@type" : "buttonDown",
    "timestamp" : 10461214,
    "button" : "RIGHT"
  }, {
    "@type" : "snapshot",
    "timestamp" : 11000000,
    "hash" : "94700ABF89F3A86CB16BC1D400ED468BECE314F2"
  }, {
    "@type" : "buttonUp",
    "timestamp" : 11173302,
    "button" : "RIGHT"
  }, {
    "@type" : "close",
    "timestamp" : 11668306
  } ]
}