{
  "romHash" : "57F755C6A10C6681761070B0350DA72432A534E9",
  "stimuli" : [ {
    "@type" : "snapshot",
    "timestamp" : 1000000,
    "hash" : "6268364EFC131F53149CEAE5C538B35F529B70E6"
  }, {
    "@type" : "snapshot",
    "timestamp" : 2000000,
    "hash" : "010478DE5224B86BE671D9C10D1DDA7AFE6B8AE1"
  }, {
    "@type" : "buttonDown",
    "timestamp" : 2480023,
    "button" : "START"
  }, {
    "@type" : "buttonUp",
    "timestamp" : 2598628,
    "button" : "START"
  }, {
    "@type" : "snapshot",
    "timestamp" : 3000000,
    "hash" : "87FA891387A88012A9011D5E24AFB10FA1410718"
  }, {
    "@type" : "buttonDown",
    "timestamp" : 3294425,
    "button" : "START"
  }, {
    "@type" : "buttonUp",
    "timestamp" : 3414768,
    "button" : "START"
  }, {
    "@type" : "snapshot",
    "timestamp" : 4000000,
    "hash" : "D28C127348FBE108398F86583C2C0F3D5FA04A6A"
  }, {
    "@type" : "buttonDown",
    "timestamp" : 4048057,
    "button" : "START"
  }, {
    "@type" : "buttonUp",
    "timestamp" : 4135397,
    "button" : "START"
  }, {
    "@type" : "snapshot",
    "timestamp" : 5000000,
    "hash" : "971ACA8459C494BC13306E94319AC959687CF5E8"
  }, {
    "@type" : "snapshot",
    "timestamp" : 6000000,
    "hash" : "F95A4E370DD0B8EAB16CD6EC3E33D88AB83808DB"
  }, {
    "@type" : "buttonDown",
    "timestamp" : 6305282,
    "button" : "START"
  }, {
    "@type" : "buttonUp",
    "timestamp" : 6429082,
    "button" : "START"
  }, {
    "@type" : "snapshot",
    "timestamp" : 7000000,
    "hash" : "8D4D90EF14A89BE0600DB506DC514A48AD0AAAD5"
  }, {
    "@type" : "buttonDown",
    "timestamp" : 7470615,
    "button" : "START"
  }, {
    "@type" : "buttonUp",
    "timestamp" : 7583028,
    "button" : "START"
  }, {
    "@type" : "snapshot",
    "timestamp" : 8000000,
    "hash" : "A365DFB5F437D85029D480E87D557CB5DC277E5D"
  }, {
    "@type" : "snapshot",
    "timestamp" : 9000000,
    "hash" : "8C63A5C4DCBC775CF0FC243AED2CD51A63ECF0B2"
  }, {
    "@type" : "snapshot",
    "timestamp" : 10000000,
    "hash" : "8E125BFA58C1C4AF9EB228D9884D68AB63E4A90E"
  }, {
    "@type" : "snapshot",
    "timestamp" : 11000000,
    "hash" : "C4EE1B8DF304EC100F8165555AA5CDD2273A0216"
  }, {
    "@type" : "snapshot",
    "timestamp" : 12000000,
    "hash" : "1C70EB0748C0EED09045296B633C55C495C0CFF6"
  }, {
    "@type" : "snapshot",
    "timestamp" : 13000000,
    "hash" : "BFCF7DCDEF64CFF180E21D39274601F129BCE1D2"
  }, {
    "@type" : "snapshot",
    "timestamp" : 14000000,
    "hash" : "D14570F9E428D74B922FB80CBCFECC4050EB7763"
  }, {
    "@type" : "buttonDown",
    "timestamp" : 14653896,
    "button" : "START"
  }, {
    "@type" : "buttonUp",
    "timestamp" : 14690468,
    "button" : "START"
  }, {
    "@type" : "snapshot",
    "timestamp" : 15000000,
    "hash" : "DB4D92C5518103B7DB5150E03125F1AF8A14204D"
  }, {
    "@type" : "buttonDown",
    "timestamp" : 15924132,
    "button" : "A"
  }, {
    "@type" : "buttonUp",
    "timestamp" : 15987521,
    "button" : "A"
  }, {
    "@type" : "snapshot",
    "timestamp" : 16000000,
    "hash" : "09F6EAE5FA8181898C77BEF48934A6E9FCA475B7"
  }, {
    "@type" : "snapshot",
    "timestamp" : 17000000,
    "hash" : "8C63A5C4DCBC775CF0FC243AED2CD51A63ECF0B2"
  }, {
    "@type" : "buttonDown",
    "timestamp" : 17240040,
    "button" : "A"
  }, {
    "@type" : "buttonUp",
    "timestamp" : 17328493,
    "button" : "A"
  }, {
    "@type" : "snapshot",
    "timestamp" : 18000000,
    "hash" : "8C63A5C4DCBC775CF0FC243AED2CD51A63ECF0B2"
  }, {
    "@type" : "buttonDown",
    "timestamp" : 18155710,
    "button" : "RIGHT"
  }, {
    "@type" : "buttonDown",
    "timestamp" : 18818198,
    "button" : "DOWN"
  }, {
    "@type" : "buttonUp",
    "timestamp" : 18900678,
    "button" : "RIGHT"
  }, {
    "@type" : "buttonDown",
    "timestamp" : 18916920,
    "button" : "LEFT"
  }, {
    "@type" : "buttonUp",
    "timestamp" : 18930668,
    "button" : "DOWN"
  }, {
    "@type" : "snapshot",
    "timestamp" : 19000000,
    "hash" : "F04E491C50C6BFCCD8D054B44D16EC6A50ABE379"
  }, {
    "@type" : "buttonDown",
    "timestamp" : 19063970,
    "button" : "B"
  }, {
    "@type" : "buttonUp",
    "timestamp" : 19091350,
    "button" : "LEFT"
  }, {
    "@type" : "buttonUp",
    "timestamp" : 19141890,
    "button" : "B"
  }, {
    "@type" : "buttonDown",
    "timestamp" : 19184343,
    "button" : "B"
  }, {
    "@type" : "buttonUp",
    "timestamp" : 19234646,
    "button" : "B"
  }, {
    "@type" : "buttonDown",
    "timestamp" : 19367956,
    "button" : "DOWN"
  }, {
    "@type" : "buttonUp",
    "timestamp" : 19434982,
    "button" : "DOWN"
  }, {
    "@type" : "buttonDown",
    "timestamp" : 19484730,
    "button" : "B"
  }, {
    "@type" : "buttonDown",
    "timestamp" : 19512519,
    "button" : "LEFT"
  }, {
    "@type" : "buttonUp",
    "timestamp" : 19554475,
    "button" : "B"
  }, {
    "@type" : "buttonDown",
    "timestamp" : 19603764,
    "button" : "B"
  }, {
    "@type" : "buttonUp",
    "timestamp" : 19607895,
    "button" : "LEFT"
  }, {
    "@type" : "buttonUp",
    "timestamp" : 19657842,
    "button" : "B"
  }, {
    "@type" : "buttonDown",
    "timestamp" : 19702412,
    "button" : "B"
  }, {
    "@type" : "buttonUp",
    "timestamp" : 19752705,
    "button" : "B"
  }, {
    "@type" : "buttonDown",
    "timestamp" : 19783249,
    "button" : "B"
  }, {
    "@type" : "buttonUp",
    "timestamp" : 19818574,
    "button" : "B"
  }, {
    "@type" : "buttonDown",
    "timestamp" : 19897584,
    "button" : "LEFT"
  }, {
    "@type" : "snapshot",
    "timestamp" : 20000000,
    "hash" : "76C178BFE4BADC6298B3340029DAE5A56618FDAB"
  }, {
    "@type" : "buttonUp",
    "timestamp" : 20048059,
    "button" : "LEFT"
  }, {
    "@type" : "buttonDown",
    "timestamp" : 20070340,
    "button" : "UP"
  }, {
    "@type" : "buttonDown",
    "timestamp" : 20081529,
    "button" : "DOWN"
  }, {
    "@type" : "buttonUp",
    "timestamp" : 20137190,
    "button" : "DOWN"
  }, {
    "@type" : "buttonDown",
    "timestamp" : 20204120,
    "button" : "LEFT"
  }, {
    "@type" : "buttonUp",
    "timestamp" : 20226622,
    "button" : "UP"
  }, {
    "@type" : "buttonDown",
    "timestamp" : 20333194,
    "button" : "UP"
  }, {
    "@type" : "buttonUp",
    "timestamp" : 20343921,
    "button" : "LEFT"
  }, {
    "@type" : "buttonDown",
    "timestamp" : 20394252,
    "button" : "RIGHT"
  }, {
    "@type" : "buttonUp",
    "timestamp" : 20470783,
    "button" : "UP"
  }, {
    "@type" : "buttonDown",
    "timestamp" : 20707961,
    "button" : "UP"
  }, {
    "@type" : "buttonUp",
    "timestamp" : 20786339,
    "button" : "UP"
  }, {
    "@type" : "buttonDown",
    "timestamp" : 20808767,
    "button" : "B"
  }, {
    "@type" : "buttonUp",
    "timestamp" : 20874936,
    "button" : "B"
  }, {
    "@type" : "buttonDown",
    "timestamp" : 20932150,
    "button" : "B"
  }, {
    "@type" : "buttonUp",
    "timestamp" : 20976262,
    "button" : "B"
  }, {
    "@type" : "snapshot",
    "timestamp" : 21000000,
    "hash" : "F76F4582A7A0008582695E94B59AADD0F5D543EC"
  }, {
    "@type" : "buttonUp",
    "timestamp" : 21006878,
    "button" : "RIGHT"
  }, {
    "@type" : "buttonDown",
    "timestamp" : 21018020,
    "button" : "B"
  }, {
    "@type" : "buttonUp",
    "timestamp" : 21055164,
    "button" : "B"
  }, {
    "@type" : "buttonDown",
    "timestamp" : 21374120,
    "button" : "RIGHT"
  }, {
    "@type" : "buttonDown",
    "timestamp" : 21429081,
    "button" : "B"
  }, {
    "@type" : "buttonUp",
    "timestamp" : 21490523,
    "button" : "B"
  }, {
    "@type" : "buttonDown",
    "timestamp" : 21713986,
    "button" : "UP"
  }, {
    "@type" : "buttonDown",
    "timestamp" : 21738536,
    "button" : "A"
  }, {
    "@type" : "buttonUp",
    "timestamp" : 21820890,
    "button" : "UP"
  }, {
    "@type" : "buttonUp",
    "timestamp" : 21853606,
    "button" : "A"
  }, {
    "@type" : "snapshot",
    "timestamp" : 22000000,
    "hash" : "9A67B3387041021F80339B10D19B5578B8F44A88"
  }, {
    "@type" : "buttonDown",
    "timestamp" : 22089562,
    "button" : "A"
  }, {
    "@type" : "buttonDown",
    "timestamp" : 22121689,
    "button" : "UP"
  }, {
    "@type" : "buttonUp",
    "timestamp" : 22194835,
    "button" : "RIGHT"
  }, {
    "@type" : "buttonUp",
    "timestamp" : 22307185,
    "button" : "A"
  }, {
    "@type" : "buttonDown",
    "timestamp" : 22353565,
    "button" : "LEFT"
  }, {
    "@type" : "buttonDown",
    "timestamp" : 22501958,
    "button" : "A"
  }, {
    "@type" : "buttonUp",
    "timestamp" : 22543306,
    "button" : "LEFT"
  }, {
    "@type" : "buttonDown",
    "timestamp" : 22771127,
    "button" : "RIGHT"
  }, {
    "@type" : "buttonUp",
    "timestamp" : 22820658,
    "button" : "A"
  }, {
    "@type" : "buttonUp",
    "timestamp" : 22911091,
    "button" : "UP"
  }, {
    "@type" : "buttonUp",
    "timestamp" : 22966123,
    "button" : "RIGHT"
  }, {
    "@type" : "snapshot",
    "timestamp" : 23000000,
    "hash" : "D0A3FC6515FFC798CB918B0384171C913AA112C8"
  }, {
    "@type" : "close",
    "timestamp" : 23337874
  } ]
}