{
  "romHash" : "57F755C6A10C6681761070B0350DA72432A534E9",
  "stimuli" : [ {
    "@type" : "snapshot",
    "timestamp" : 1000000,
    "hash" : "C6D534BF0E0A7ABDB06FC6C673322FDC32C3D782"
  }, {
    "@type" : "snapshot",
    "timestamp" : 2000000,
    "hash" : "F3AAC86244B4E3360B33FDAFDAF1BC938336BE8C"
  }, {
    "@type" : "buttonDown",
    "timestamp" : 2480023,
    "button" : "START"
  }, {
    "@type" : "buttonUp",
    "timestamp" : 2598628,
    "button" : "START"
  }, {
    "@type" : "snapshot",
    "timestamp" : 3000000,
    "hash" : "E89DFC162BC8ECAD797E1EAD2DCFB7471C4E5BAA"
  }, {
    "@type" : "buttonDown",
    "timestamp" : 3294425,
    "button" : "START"
  }, {
    "@type" : "buttonUp",
    "timestamp" : 3414768,
    "button" : "START"
  }, {
    "@type" : "snapshot",
    "timestamp" : 4000000,
    "hash" : "0B202B3DBC5866DEDE092FC0DBE9AF4C7F539F12"
  }, {
    "@type" : "buttonDown",
    "timestamp" : 4048057,
    "button" : "START"
  }, {
    "@type" : "buttonUp",
    "timestamp" : 4135397,
    "button" : "START"
  }, {
    "@type" : "snapshot",
    "timestamp" : 5000000,
    "hash" : "D8DF7905DEEA952FA5BEDCD878107627C7611126"
  }, {
    "@type" : "snapshot",
    "timestamp" : 6000000,
    "hash" : "72875445403EFE69A777433B00C106F9A4502F85"
  }, {
    "@type" : "buttonDown",
    "timestamp" : 6305282,
    "button" : "START"
  }, {
    "@type" : "buttonUp",
    "timestamp" : 6429082,
    "button" : "START"
  }, {
    "@type" : "snapshot",
    "timestamp" : 7000000,
    "hash" : "DC79E6E7CBA148EE5B96347E02FE555DCC8355AB"
  }, {
    "@type" : "buttonDown",
    "timestamp" : 7470615,
    "button" : "START"
  }, {
    "@type" : "buttonUp",
    "timestamp" : 7583028,
    "button" : "START"
  }, {
    "@type" : "snapshot",
    "timestamp" : 8000000,
    "hash" : "DEDBDDAABEA1796692BF9533EC2482AEBFDD94F5"
  }, {
    "@type" : "snapshot",
    "timestamp" : 9000000,
    "hash" : "8C63A5C4DCBC775CF0FC243AED2CD51A63ECF0B2"
  }, {
    "@type" : "snapshot",
    "timestamp" : 10000000,
    "hash" : "6CE5A297E20BA11B71DC14E75CFD680B34645F24"
  }, {
    "@type" : "snapshot",
    "timestamp" : 11000000,
    "hash" : "C55BAA95AEE0DA425F7D4614B3303138EB4C63F8"
  }, {
    "@type" : "snapshot",
    "timestamp" : 12000000,
    "hash" : "1A9910D37EB0132852887EC73E2565C73775217D"
  }, {
    "@type" : "snapshot",
    "timestamp" : 13000000,
    "hash" : "792546F6B3C9A8A0D66474C72184C11087372009"
  }, {
    "@type" : "snapshot",
    "timestamp" : 14000000,
    "hash" : "2A3F1FA5BC0785CB64ADC358E3851153D1DC04AF"
  }, {
    "@type" : "buttonDown",
    "timestamp" : 14653896,
    "button" : "START"
  }, {
    "@type" : "buttonUp",
    "timestamp" : 14690468,
    "button" : "START"
  }, {
    "@type" : "snapshot",
    "timestamp" : 15000000,
    "hash" : "1D47089C0FEE79BE1D8271DECB68526479A87A4F"
  }, {
    "@type" : "buttonDown",
    "timestamp" : 15924132,
    "button" : "A"
  }, {
    "@type" : "buttonUp",
    "timestamp" : 15987521,
    "button" : "A"
  }, {
    "@type" : "snapshot",
    "timestamp" : 16000000,
    "hash" : "3426DA66E818C2AC79F871A6B8CD40ABE9E7C0D0"
  }, {
    "@type" : "snapshot",
    "timestamp" : 17000000,
    "hash" : "8C63A5C4DCBC775CF0FC243AED2CD51A63ECF0B2"
  }, {
    "@type" : "buttonDown",
    "timestamp" : 17240040,
    "button" : "A"
  }, {
    "@type" : "buttonUp",
    "timestamp" : 17328493,
    "button" : "A"
  }, {
    "@type" : "snapshot",
    "timestamp" : 18000000,
    "hash" : "8C63A5C4DCBC775CF0FC243AED2CD51A63ECF0B2"
  }, {
    "@type" : "buttonDown",
    "timestamp" : 18155710,
    "button" : "RIGHT"
  }, {
    "@type" : "buttonDown",
    "timestamp" : 18818198,
    "button" : "DOWN"
  }, {
    "@type" : "buttonUp",
    "timestamp" : 18900678,
    "button" : "RIGHT"
  }, {
    "@type" : "buttonDown",
    "timestamp" : 18916920,
    "button" : "LEFT"
  }, {
    "@type" : "buttonUp",
    "timestamp" : 18930668,
    "button" : "DOWN"
  }, {
    "@type" : "snapshot",
    "timestamp" : 19000000,
    "hash" : "41DCB9137027C9183E14E8EF5774388D7393D28C"
  }, {
    "@type" : "buttonDown",
    "timestamp" : 19063970,
    "button" : "B"
  }, {
    "@type" : "buttonUp",
    "timestamp" : 19091350,
    "button" : "LEFT"
  }, {
    "@type" : "buttonUp",
    "timestamp" : 19141890,
    "button" : "B"
  }, {
    "@type" : "buttonDown",
    "timestamp" : 19184343,
    "button" : "B"
  }, {
    "@type" : "buttonUp",
    "timestamp" : 19234646,
    "button" : "B"
  }, {
    "@type" : "buttonDown",
    "timestamp" : 19367956,
    "button" : "DOWN"
  }, {
    "@type" : "buttonUp",
    "timestamp" : 19434982,
    "button" : "DOWN"
  }, {
    "@type" : "buttonDown",
    "timestamp" : 19484730,
    "button" : "B"
  }, {
    "@type" : "buttonDown",
    "timestamp" : 19512519,
    "button" : "LEFT"
  }, {
    "@type" : "buttonUp",
    "timestamp" : 19554475,
    "button" : "B"
  }, {
    "@type" : "buttonDown",
    "timestamp" : 19603764,
    "button" : "B"
  }, {
    "@type" : "buttonUp",
    "timestamp" : 19607895,
    "button" : "LEFT"
  }, {
    "@type" : "buttonUp",
    "timestamp" : 19657842,
    "button" : "B"
  }, {
    "@type" : "buttonDown",
    "timestamp" : 19702412,
    "button" : "B"
  }, {
    "@type" : "buttonUp",
    "timestamp" : 19752705,
    "button" : "B"
  }, {
    "@type" : "buttonDown",
    "timestamp" : 19783249,
    "button" : "B"
  }, {
    "@type" : "buttonUp",
    "timestamp" : 19818574,
    "button" : "B"
  }, {
    "@type" : "buttonDown",
    "timestamp" : 19897584,
    "button" : "LEFT"
  }, {
    "@type" : "snapshot",
    "timestamp" : 20000000,
    "hash" : "FAB41EED2EC83C55817811A74080AF43B81C00C7"
  }, {
    "@type" : "buttonUp",
    "timestamp" : 20048059,
    "button" : "LEFT"
  }, {
    "@type" : "buttonDown",
    "timestamp" : 20070340,
    "button" : "UP"
  }, {
    "@type" : "buttonDown",
    "timestamp" : 20081529,
    "button" : "DOWN"
  }, {
    "@type" : "buttonUp",
    "timestamp" : 20137190,
    "button" : "DOWN"
  }, {
    "@type" : "buttonDown",
    "timestamp" : 20204120,
    "button" : "LEFT"
  }, {
    "@type" : "buttonUp",
    "timestamp" : 20226622,
    "button" : "UP"
  }, {
    "@type" : "buttonDown",
    "timestamp" : 20333194,
    "button" : "UP"
  }, {
    "@type" : "buttonUp",
    "timestamp" : 20343921,
    "button" : "LEFT"
  }, {
    "@type" : "buttonDown",
    "timestamp" : 20394252,
    "button" : "RIGHT"
  }, {
    "@type" : "buttonUp",
    "timestamp" : 20470783,
    "button" : "UP"
  }, {
    "@type" : "buttonDown",
    "timestamp" : 20707961,
    "button" : "UP"
  }, {
    "@type" : "buttonUp",
    "timestamp" : 20786339,
    "button" : "UP"
  }, {
    "@type" : "buttonDown",
    "timestamp" : 20808767,
    "button" : "B"
  }, {
    "@type" : "buttonUp",
    "timestamp" : 20874936,
    "button" : "B"
  }, {
    "@type" : "buttonDown",
    "timestamp" : 20932150,
    "button" : "B"
  }, {
    "@type" : "buttonUp",
    "timestamp" : 20976262,
    "button" : "B"
  }, {
    "@type" : "snapshot",
    "timestamp" : 21000000,
    "hash" : "F1885E9459FC40D29198DCA1603281A44D0B4F16"
  }, {
    "@type" : "buttonUp",
    "timestamp" : 21006878,
    "button" : "RIGHT"
  }, {
    "@type" : "buttonDown",
    "timestamp" : 21018020,
    "button" : "B"
  }, {
    "@type" : "buttonUp",
    "timestamp" : 21055164,
    "button" : "B"
  }, {
    "@type" : "buttonDown",
    "timestamp" : 21374120,
    "button" : "RIGHT"
  }, {
    "@type" : "buttonDown",
    "timestamp" : 21429081,
    "button" : "B"
  }, {
    "@type" : "buttonUp",
    "timestamp" : 21490523,
    "button" : "B"
  }, {
    "@type" : "buttonDown",
    "timestamp" : 21713986,
    "button" : "UP"
  }, {
    "@type" : "buttonDown",
    "timestamp" : 21738536,
    "button" : "A"
  }, {
    "@type" : "buttonUp",
    "timestamp" : 21820890,
    "button" : "UP"
  }, {
    "@type" : "buttonUp",
    "timestamp" : 21853606,
    "button" : "A"
  }, {
    "@type" : "snapshot",
    "timestamp" : 22000000,
    "hash" : "1DE2C7BA7F8F032E442B63BA1475A10DD489B616"
  }, {
    "@type" : "buttonDown",
    "timestamp" : 22089562,
    "button" : "A"
  }, {
    "@type" : "buttonDown",
    "timestamp" : 22121689,
    "button" : "UP"
  }, {
    "@type" : "buttonUp",
    "timestamp" : 22194835,
    "button" : "RIGHT"
  }, {
    "@type" : "buttonUp",
    "timestamp" : 22307185,
    "button" : "A"
  }, {
    "@type" : "buttonDown",
    "timestamp" : 22353565,
    "button" : "LEFT"
  }, {
    "@type" : "buttonDown",
    "timestamp" : 22501958,
    "button" : "A"
  }, {
    "@type" : "buttonUp",
    "timestamp" : 22543306,
    "button" : "LEFT"
  }, {
    "@type" : "buttonDown",
    "timestamp" : 22771127,
    "button" : "RIGHT"
  }, {
    "@type" : "buttonUp",
    "timestamp" : 22820658,
    "button" : "A"
  }, {
    "@type" : "buttonUp",
    "timestamp" : 22911091,
    "button" : "UP"
  }, {
    "@type" : "buttonUp",
    "timestamp" : 22966123,
    "button" : "RIGHT"
  }, {
    "@type" : "snapshot",
    "timestamp" : 23000000,
    "hash" : "190597415DF24B0787265D0895DE636C1572D8F1"
  }, {
    "@type" : "close",
    "timestamp" : 23337874
  } ]
}