{
  "romHash" : "57F755C6A10C6681761070B0350DA72432A534E9",
  "stimuli" : [ {
    "@type" : "snapshot",
    "timestamp" : 1000000,
    "hash" : "21E58F20E416C72FC9DF2566D319671F5C5E98A6"
  }, {
    "@type" : "snapshot",
    "timestamp" : 2000000,
    "hash" : "DCA96B9FABDF3EE4A49BDF63FF6AD5D5E36EBA97"
  }, {
    "@type" : "snapshot",
    "timestamp" : 3000000,
    "hash" : "8EFFC53569316A786D113EE89A0B969E3BEB34D9"
  }, {
    "@type" : "snapshot",
    "timestamp" : 4000000,
    "hash" : "34B3512DEA887AB68141E617A83B8A1C2E35E229"
  }, {
    "@type" : "snapshot",
    "timestamp" : 5000000,
    "hash" : "DA253FABD8F1511258CADD699F2DE0015C58A6DB"
  }, {
    "@type" : "snapshot",
    "timestamp" : 6000000,
    "hash" : "6813C7F34984C64965F195EA900087A429C41205"
  }, {
    "@type" : "snapshot",
    "timestamp" : 7000000,
    "hash" : "70638ECECF7556FC386313F983CBD0CBFDCEB246"
  }, {
    "@type" : "snapshot",
    "timestamp" : 8000000,
    "hash" : "5BD8D73CED84DFD9FDF16117C735163703DD2616"
  }, {
    "@type" : "buttonDown",
    "timestamp" : 8102223,
    "button" : "START"
  }, {
    "@type" : "buttonUp",
    "timestamp" : 8183179,
    "button" : "START"
  }, {
    "@type" : "snapshot",
    "timestamp" : 9000000,
    "hash" : "8C63A5C4DCBC775CF0FC243AED2CD51A63ECF0B2"
  }, {
    "@type" : "snapshot",
    "timestamp" : 10000000,
    "hash" : "8E125BFA58C1C4AF9EB228D9884D68AB63E4A90E"
  }, {
    "@type" : "snapshot",
    "timestamp" : 11000000,
    "hash" : "C4EE1B8DF304EC100F8165555AA5CDD2273A0216"
  }, {
    "@type" : "snapshot",
    "timestamp" : 12000000,
    "hash" : "3289F71BB3C33526E5249C94AA9A4F326483ED88"
  }, {
    "@type" : "snapshot",
    "timestamp" : 13000000,
    "hash" : "DD41798426B9CED2824DB44DFA3BDFB9488A5467"
  }, {
    "@type" : "snapshot",
    "timestamp" : 14000000,
    "hash" : "D14570F9E428D74B922FB80CBCFECC4050EB7763"
  }, {
    "@type" : "snapshot",
    "timestamp" : 15000000,
    "hash" : "09F6EAE5FA8181898C77BEF48934A6E9FCA475B7"
  }, {
    "@type" : "snapshot",
    "timestamp" : 16000000,
    "hash" : "DB4D92C5518103B7DB5150E03125F1AF8A14204D"
  }, {
    "@type" : "buttonDown",
    "timestamp" : 16270502,
    "button" : "A"
  }, {
    "@type" : "buttonUp",
    "timestamp" : 16330868,
    "button" : "A"
  }, {
    "@type" : "snapshot",
    "timestamp" : 17000000,
    "hash" : "09F6EAE5FA8181898C77BEF48934A6E9FCA475B7"
  }, {
    "@type" : "buttonDown",
    "timestamp" : 17638777,
    "button" : "A"
  }, {
    "@type" : "buttonUp",
    "timestamp" : 17700621,
    "button" : "A"
  }, {
    "@type" : "snapshot",
    "timestamp" : 18000000,
    "hash" : "8C63A5C4DCBC775CF0FC243AED2CD51A63ECF0B2"
  }, {
    "@type" : "buttonDown",
    "timestamp" : 18668236,
    "button" : "RIGHT"
  }, {
    "@type" : "snapshot",
    "timestamp" : 19000000,
    "hash" : "7F5CD396F7609B87D246692AE15E26B7ECEBFF0C"
  }, {
    "@type" : "buttonDown",
    "timestamp" : 19072616,
    "button" : "DOWN"
  }, {
    "@type" : "buttonUp",
    "timestamp" : 19143052,
    "button" : "DOWN"
  }, {
    "@type" : "buttonDown",
    "timestamp" : 19418256,
    "button" : "DOWN"
  }, {
    "@type" : "buttonUp",
    "timestamp" : 19439177,
    "button" : "RIGHT"
  }, {
    "@type" : "buttonDown",
    "timestamp" : 19524045,
    "button" : "LEFT"
  }, {
    "@type" : "buttonUp",
    "timestamp" : 19532238,
    "button" : "DOWN"
  }, {
    "@type" : "buttonUp",
    "timestamp" : 19714199,
    "button" : "LEFT"
  }, {
    "@type" : "buttonDown",
    "timestamp" : 19734391,
    "button" : "B"
  }, {
    "@type" : "buttonUp",
    "timestamp" : 19785461,
    "button" : "B"
  }, {
    "@type" : "buttonDown",
    "timestamp" : 19825187,
    "button" : "B"
  }, {
    "@type" : "buttonUp",
    "timestamp" : 19887608,
    "button" : "B"
  }, {
    "@type" : "buttonDown",
    "timestamp" : 19921767,
    "button" : "LEFT"
  }, {
    "@type" : "snapshot",
    "timestamp" : 20000000,
    "hash" : "25934585D14686E3A47236CC9D6C9F5C632AA1D3"
  }, {
    "@type" : "buttonDown",
    "timestamp" : 20394261,
    "button" : "UP"
  }, {
    "@type" : "buttonUp",
    "timestamp" : 20428108,
    "button" : "LEFT"
  }, {
    "@type" : "buttonDown",
    "timestamp" : 20575995,
    "button" : "RIGHT"
  }, {
    "@type" : "buttonUp",
    "timestamp" : 20640260,
    "button" : "UP"
  }, {
    "@type" : "buttonDown",
    "timestamp" : 20940958,
    "button" : "UP"
  }, {
    "@type" : "snapshot",
    "timestamp" : 21000000,
    "hash" : "7857ADDCDD990031F955E68C9D16E0D34A424FDB"
  }, {
    "@type" : "buttonUp",
    "timestamp" : 21015534,
    "button" : "UP"
  }, {
    "@type" : "buttonDown",
    "timestamp" : 21167514,
    "button" : "B"
  }, {
    "@type" : "buttonUp",
    "timestamp" : 21211651,
    "button" : "B"
  }, {
    "@type" : "buttonDown",
    "timestamp" : 21255050,
    "button" : "B"
  }, {
    "@type" : "buttonUp",
    "timestamp" : 21322303,
    "button" : "B"
  }, {
    "@type" : "buttonUp",
    "timestamp" : 21373547,
    "button" : "RIGHT"
  }, {
    "@type" : "buttonDown",
    "timestamp" : 21430505,
    "button" : "UP"
  }, {
    "@type" : "buttonUp",
    "timestamp" : 21535566,
    "button" : "UP"
  }, {
    "@type" : "buttonDown",
    "timestamp" : 21538712,
    "button" : "RIGHT"
  }, {
    "@type" : "buttonDown",
    "timestamp" : 21578530,
    "button" : "B"
  }, {
    "@type" : "buttonUp",
    "timestamp" : 21629764,
    "button" : "B"
  }, {
    "@type" : "buttonDown",
    "timestamp" : 21673790,
    "button" : "B"
  }, {
    "@type" : "buttonUp",
    "timestamp" : 21727923,
    "button" : "B"
  }, {
    "@type" : "buttonDown",
    "timestamp" : 21755284,
    "button" : "B"
  }, {
    "@type" : "buttonUp",
    "timestamp" : 21797868,
    "button" : "B"
  }, {
    "@type" : "buttonDown",
    "timestamp" : 21936595,
    "button" : "UP"
  }, {
    "@type" : "snapshot",
    "timestamp" : 22000000,
    "hash" : "BF0CF0713A7034F220F3770A3465D00422F4C7BC"
  }, {
    "@type" : "buttonUp",
    "timestamp" : 22001790,
    "button" : "RIGHT"
  }, {
    "@type" : "buttonDown",
    "timestamp" : 22095646,
    "button" : "RIGHT"
  }, {
    "@type" : "buttonUp",
    "timestamp" : 22118445,
    "button" : "UP"
  }, {
    "@type" : "buttonDown",
    "timestamp" : 22203915,
    "button" : "UP"
  }, {
    "@type" : "buttonUp",
    "timestamp" : 22279720,
    "button" : "RIGHT"
  }, {
    "@type" : "buttonDown",
    "timestamp" : 22534604,
    "button" : "RIGHT"
  }, {
    "@type" : "buttonUp",
    "timestamp" : 22655373,
    "button" : "RIGHT"
  }, {
    "@type" : "buttonDown",
    "timestamp" : 22956841,
    "button" : "LEFT"
  }, {
    "@type" : "snapshot",
    "timestamp" : 23000000,
    "hash" : "2DACFB87F21D8B4475F3C586B39D6FA3B1482470"
  }, {
    "@type" : "buttonDown",
    "timestamp" : 23057615,
    "button" : "A"
  }, {
    "@type" : "buttonUp",
    "timestamp" : 23059618,
    "button" : "LEFT"
  }, {
    "@type" : "buttonDown",
    "timestamp" : 23265251,
    "button" : "RIGHT"
  }, {
    "@type" : "buttonUp",
    "timestamp" : 23288073,
    "button" : "A"
  }, {
    "@type" : "buttonUp",
    "timestamp" : 23348291,
    "button" : "UP"
  }, {
    "@type" : "buttonUp",
    "timestamp" : 23666840,
    "button" : "RIGHT"
  }, {
    "@type" : "snapshot",
    "timestamp" : 24000000,
    "hash" : "9BFC9AD2D0A8F11C98CE775A239E457BA6908912"
  }, {
    "@type" : "close",
    "timestamp" : 24030924
  } ]
}