{
  "romHash" : "C1A8F6A9316080487CFEACA62F3D573CD9D484E9",
  "stimuli" : [ {
    "@type" : "snapshot",
    "timestamp" : 1000000,
    "hash" : "5629B33DA529E51EFDF7221E1F8BB069113FA8FE"
  }, {
    "@type" : "snapshot",
    "timestamp" : 2000000,
    "hash" : "0756EC2FCE09C486C2FF8334170C9E0CF7CD859B"
  }, {
    "@type" : "snapshot",
    "timestamp" : 3000000,
    "hash" : "3928C74E5438BEC10C0AC172223ADBC078302776"
  }, {
    "@type" : "buttonDown",
    "timestamp" : 3152087,
    "button" : "START"
  }, {
    "@type" : "buttonUp",
    "timestamp" : 3221385,
    "button" : "START"
  }, {
    "@type" : "buttonDown",
    "timestamp" : 3559680,
    "button" : "START"
  }, {
    "@type" : "buttonUp",
    "timestamp" : 3633525,
    "button" : "START"
  }, {
    "@type" : "snapshot",
    "timestamp" : 4000000,
    "hash" : "F46BBD18EB2677C2310AEAE74645F3D5E64ADA40"
  }, {
    "@type" : "buttonDown",
    "timestamp" : 4772859,
    "button" : "A"
  }, {
    "@type" : "buttonUp",
    "timestamp" : 4860468,
    "button" : "A"
  }, {
    "@type" : "snapshot",
    "timestamp" : 5000000,
    "hash" : "2A4F378C1B63FA1E00DC07BBC43E288A8DED91E3"
  }, {
    "@type" : "buttonDown",
    "timestamp" : 5338794,
    "button" : "A"
  }, {
    "@type" : "buttonUp",
    "timestamp" : 5411236,
    "button" : "A"
  }, {
    "@type" : "buttonDown",
    "timestamp" : 5807644,
    "button" : "START"
  }, {
    "@type" : "buttonUp",
    "timestamp" : 5862231,
    "button" : "START"
  }, {
    "@type" : "snapshot",
    "timestamp" : 6000000,
    "hash" : "632D50FBB8492B4E4AA7528A988FB4B647B5057C"
  }, {
    "@type" : "snapshot",
    "timestamp" : 7000000,
    "hash" : "F5D562183C8A88248A1B6CA6E5831292E57BEA24"
  }, {
    "@type" : "snapshot",
    "timestamp" : 8000000,
    "hash" : "F4E2D4805FB5FC87091EA57671F823F30D3552D4"
  }, {
    "@type" : "buttonDown",
    "timestamp" : 8694157,
    "button" : "RIGHT"
  }, {
    "@type" : "snapshot",
    "timestamp" : 9000000,
    "hash" : "4E32F1760616D18DDEF658601652DBBAE07056D3"
  }, {
    "@type" : "buttonDown",
    "timestamp" : 9077917,
    "button" : "A"
  }, {
    "@type" : "buttonUp",
    "timestamp" : 9320411,
    "button" : "A"
  }, {
    "@type" : "buttonDown",
    "timestamp" : 9409823,
    "button" : "A"
  }, {
    "@type" : "buttonUp",
    "timestamp" : 9633483,
    "button" : "A"
  }, {
    "@type" : "buttonUp",
    "timestamp" : 9650831,
    "button" : "RIGHT"
  }, {
    "@type" : "buttonDown",
    "timestamp" : 9683012,
    "button" : "LEFT"
  }, {
    "@type" : "buttonDown",
    "timestamp" : 9691467,
    "button" : "A"
  }, {
    "@type" : "buttonUp",
    "timestamp" : 9898933,
    "button" : "A"
  }, {
    "@type" : "buttonUp",
    "timestamp" : 9964036,
    "button" : "LEFT"
  }, {
    "@type" : "snapshot",
    "timestamp" : 10000000,
    "hash" : "65FA44AE8EB15DB368A186D7943077FFD19F7936"
  }, {
    "@type" : "buttonDown",
    "timestamp" : 10120788,
    "button" : "LEFT"
  }, {
    "@type" : "buttonUp",
    "timestamp" : 10172047,
    "button" : "LEFT"
  }, {
    "@type" : "buttonDown",
    "timestamp" : 10656940,
    "button" : "B"
  }, {
    "@type" : "buttonUp",
    "timestamp" : 10734598,
    "button" : "B"
  }, {
    "@type" : "buttonDown",
    "timestamp" : 10890655,
    "button" : "B"
  }, {
    "@type" : "buttonUp",
    "timestamp" : 10951440,
    "button" : "B"
  }, {
    "@type" : "snapshot",
    "timestamp" : 11000000,
    "hash" : "01661B2E9F33631FEDA33BD529271FC84C747ACD"
  }, {
    "@type" : "buttonDown",
    "timestamp" : 11040836,
    "button" : "B"
  }, {
    "@type" : "buttonUp",
    "timestamp" : 11101756,
    "button" : "B"
  }, {
    "@type" : "buttonDown",
    "timestamp" : 11164159,
    "button" : "B"
  }, {
    "@type" : "buttonUp",
    "timestamp" : 11225303,
    "button" : "B"
  }, {
    "@type" : "buttonDown",
    "timestamp" : 11362076,
    "button" : "LEFT"
  }, {
    "@type" : "buttonDown",
    "timestamp" : 11472284,
    "button" : "A"
  }, {
    "@type" : "buttonUp",
    "timestamp" : 11743876,
    "button" : "A"
  }, {
    "@type" : "buttonUp",
    "timestamp" : 11872425,
    "button" : "LEFT"
  }, {
    "@type" : "snapshot",
    "timestamp" : 12000000,
    "hash" : "119A228C4C4CB02EA4C15B13D47AB3E2669B5A32"
  }, {
    "@type" : "snapshot",
    "timestamp" : 13000000,
    "hash" : "D6A87BB8D55ADE593175F14599CC6B258B2268D0"
  }, {
    "@type" : "close",
    "timestamp" : 13821266
  } ]
}