{
  "romHash" : "C1A8F6A9316080487CFEACA62F3D573CD9D484E9",
  "stimuli" : [ {
    "@type" : "snapshot",
    "timestamp" : 1000000,
    "hash" : "E729F44AEEF9898766441511827B45A28B2E4ED2"
  }, {
    "@type" : "snapshot",
    "timestamp" : 2000000,
    "hash" : "164216B108770A017301B79BF113FBE6671F6E84"
  }, {
    "@type" : "buttonDown",
    "timestamp" : 2991698,
    "button" : "START"
  }, {
    "@type" : "snapshot",
    "timestamp" : 3000000,
    "hash" : "E17234F2D8EA70E830600BD06B7F5A2D506F7CCB"
  }, {
    "@type" : "buttonUp",
    "timestamp" : 3069488,
    "button" : "START"
  }, {
    "@type" : "buttonDown",
    "timestamp" : 3451661,
    "button" : "START"
  }, {
    "@type" : "buttonUp",
    "timestamp" : 3525889,
    "button" : "START"
  }, {
    "@type" : "snapshot",
    "timestamp" : 4000000,
    "hash" : "81ED087038875EF5B7F25B603F06278C31D80C19"
  }, {
    "@type" : "snapshot",
    "timestamp" : 5000000,
    "hash" : "84EB0A390224D566E4754B8E2D2B046DCDE59685"
  }, {
    "@type" : "snapshot",
    "timestamp" : 6000000,
    "hash" : "1C7D07FE3E6702B665DF74BBCAFB3A2A30B0D448"
  }, {
    "@type" : "snapshot",
    "timestamp" : 7000000,
    "hash" : "DEE9CA33BF53FC4965D762D3FA200E8F9B1DCA42"
  }, {
    "@type" : "snapshot",
    "timestamp" : 8000000,
    "hash" : "B73CE4F96168917687FDD292BB38EA92798DB429"
  }, {
    "@type" : "buttonDown",
    "timestamp" : 8982302,
    "button" : "RIGHT"
  }, {
    "@type" : "snapshot",
    "timestamp" : 9000000,
    "hash" : "87CA9E107446B9E4D41F2D366384F036AC221863"
  }, {
    "@type" : "buttonDown",
    "timestamp" : 9136392,
    "button" : "A"
  }, {
    "@type" : "buttonUp",
    "timestamp" : 9353570,
    "button" : "A"
  }, {
    "@type" : "buttonDown",
    "timestamp" : 9469341,
    "button" : "A"
  }, {
    "@type" : "buttonUp",
    "timestamp" : 9654435,
    "button" : "A"
  }, {
    "@type" : "buttonDown",
    "timestamp" : 9736988,
    "button" : "A"
  }, {
    "@type" : "buttonUp",
    "timestamp" : 9847474,
    "button" : "RIGHT"
  }, {
    "@type" : "buttonUp",
    "timestamp" : 9861164,
    "button" : "A"
  }, {
    "@type" : "buttonDown",
    "timestamp" : 9893274,
    "button" : "LEFT"
  }, {
    "@type" : "snapshot",
    "timestamp" : 10000000,
    "hash" : "E2B756616702555DFDCEFDEE27238BA77045094B"
  }, {
    "@type" : "buttonUp",
    "timestamp" : 10348871,
    "button" : "LEFT"
  }, {
    "@type" : "buttonDown",
    "timestamp" : 10625378,
    "button" : "B"
  }, {
    "@type" : "buttonUp",
    "timestamp" : 10695836,
    "button" : "B"
  }, {
    "@type" : "buttonDown",
    "timestamp" : 10819032,
    "button" : "B"
  }, {
    "@type" : "buttonUp",
    "timestamp" : 10841742,
    "button" : "B"
  }, {
    "@type" : "buttonDown",
    "timestamp" : 10910734,
    "button" : "B"
  }, {
    "@type" : "buttonUp",
    "timestamp" : 10978171,
    "button" : "B"
  }, {
    "@type" : "snapshot",
    "timestamp" : 11000000,
    "hash" : "64E67D7A608585EDCF2335231DE35B03EDE1332E"
  }, {
    "@type" : "buttonDown",
    "timestamp" : 11087994,
    "button" : "B"
  }, {
    "@type" : "buttonUp",
    "timestamp" : 11148854,
    "button" : "B"
  }, {
    "@type" : "buttonDown",
    "timestamp" : 11187700,
    "button" : "B"
  }, {
    "@type" : "buttonUp",
    "timestamp" : 11273229,
    "button" : "B"
  }, {
    "@type" : "buttonDown",
    "timestamp" : 11339958,
    "button" : "LEFT"
  }, {
    "@type" : "buttonDown",
    "timestamp" : 11489564,
    "button" : "A"
  }, {
    "@type" : "buttonUp",
    "timestamp" : 11741874,
    "button" : "A"
  }, {
    "@type" : "buttonUp",
    "timestamp" : 11751628,
    "button" : "LEFT"
  }, {
    "@type" : "buttonDown",
    "timestamp" : 11903425,
    "button" : "RIGHT"
  }, {
    "@type" : "snapshot",
    "timestamp" : 12000000,
    "hash" : "90892DAD19B67856200F8F852CC02F789F0821C8"
  }, {
    "@type" : "buttonUp",
    "timestamp" : 12642811,
    "button" : "RIGHT"
  }, {
    "@type" : "buttonDown",
    "timestamp" : 12731544,
    "button" : "RIGHT"
  }, {
    "@type" : "snapshot",
    "timestamp" : 13000000,
    "hash" : "82A0CDEE7E682645DE780242769D4CFF07E81F2B"
  }, {
    "@type" : "buttonUp",
    "timestamp" : 13495683,
    "button" : "RIGHT"
  }, {
    "@type" : "snapshot",
    "timestamp" : 14000000,
    "hash" : "A6F45C805A3AFCBEDFE64F639B7EF59E37743760"
  }, {
    "@type" : "close",
    "timestamp" : 14316148
  } ]
}