{
  "romHash" : "C1A8F6A9316080487CFEACA62F3D573CD9D484E9",
  "stimuli" : [ {
    "@type" : "snapshot",
    "timestamp" : 1000000,
    "hash" : "769710365D6EFF29EE6F17F57DF4BBC1EFD163D1"
  }, {
    "@type" : "snapshot",
    "timestamp" : 2000000,
    "hash" : "F0B1E9C366C7ED8536A65EE9840AF78E13A8CD89"
  }, {
    "@type" : "snapshot",
    "timestamp" : 3000000,
    "hash" : "3C4529F071A7E43BF6F70D47104489252474C27E"
  }, {
    "@type" : "buttonDown",
    "timestamp" : 3152087,
    "button" : "START"
  }, {
    "@type" : "buttonUp",
    "timestamp" : 3221385,
    "button" : "START"
  }, {
    "@type" : "buttonDown",
    "timestamp" : 3559680,
    "button" : "START"
  }, {
    "@type" : "buttonUp",
    "timestamp" : 3633525,
    "button" : "START"
  }, {
    "@type" : "snapshot",
    "timestamp" : 4000000,
    "hash" : "7C8CD8958E270F3AD255F8E5EE31345BD4913918"
  }, {
    "@type" : "buttonDown",
    "timestamp" : 4772859,
    "button" : "A"
  }, {
    "@type" : "buttonUp",
    "timestamp" : 4860468,
    "button" : "A"
  }, {
    "@type" : "snapshot",
    "timestamp" : 5000000,
    "hash" : "BBE6A1FECEE52190165370073F9BA6DCBC4AC362"
  }, {
    "@type" : "buttonDown",
    "timestamp" : 5338794,
    "button" : "A"
  }, {
    "@type" : "buttonUp",
    "timestamp" : 5411236,
    "button" : "A"
  }, {
    "@type" : "buttonDown",
    "timestamp" : 5807644,
    "button" : "START"
  }, {
    "@type" : "buttonUp",
    "timestamp" : 5862231,
    "button" : "START"
  }, {
    "@type" : "snapshot",
    "timestamp" : 6000000,
    "hash" : "E4311705CCC91734841413C3E0851F997D04F1F7"
  }, {
    "@type" : "snapshot",
    "timestamp" : 7000000,
    "hash" : "3ED81502DFB768F842A181394382035C64B462D6"
  }, {
    "@type" : "snapshot",
    "timestamp" : 8000000,
    "hash" : "40900A8A9E2077221983C9E515789EA89F976033"
  }, {
    "@type" : "buttonDown",
    "timestamp" : 8694157,
    "button" : "RIGHT"
  }, {
    "@type" : "snapshot",
    "timestamp" : 9000000,
    "hash" : "7A48252E6AC0EDD04C65FB156C6242288E9D5273"
  }, {
    "@type" : "buttonDown",
    "timestamp" : 9077917,
    "button" : "A"
  }, {
    "@type" : "buttonUp",
    "timestamp" : 9320411,
    "button" : "A"
  }, {
    "@type" : "buttonDown",
    "timestamp" : 9409823,
    "button" : "A"
  }, {
    "@type" : "buttonUp",
    "timestamp" : 9633483,
    "button" : "A"
  }, {
    "@type" : "buttonUp",
    "timestamp" : 9650831,
    "button" : "RIGHT"
  }, {
    "@type" : "buttonDown",
    "timestamp" : 9683012,
    "button" : "LEFT"
  }, {
    "@type" : "buttonDown",
    "timestamp" : 9691467,
    "button" : "A"
  }, {
    "@type" : "buttonUp",
    "timestamp" : 9898933,
    "button" : "A"
  }, {
    "@type" : "buttonUp",
    "timestamp" : 9964036,
    "button" : "LEFT"
  }, {
    "@type" : "snapshot",
    "timestamp" : 10000000,
    "hash" : "AAB6AD2BD85DE8E0236E7DAD8CD65C1EAB6DA36F"
  }, {
    "@type" : "buttonDown",
    "timestamp" : 10120788,
    "button" : "LEFT"
  }, {
    "@type" : "buttonUp",
    "timestamp" : 10172047,
    "button" : "LEFT"
  }, {
    "@type" : "buttonDown",
    "timestamp" : 10656940,
    "button" : "B"
  }, {
    "@type" : "buttonUp",
    "timestamp" : 10734598,
    "button" : "B"
  }, {
    "@type" : "buttonDown",
    "timestamp" : 10890655,
    "button" : "B"
  }, {
    "@type" : "buttonUp",
    "timestamp" : 10951440,
    "button" : "B"
  }, {
    "@type" : "snapshot",
    "timestamp" : 11000000,
    "hash" : "970A404945ACF5969154ABE755A09107F0C3F709"
  }, {
    "@type" : "buttonDown",
    "timestamp" : 11040836,
    "button" : "B"
  }, {
    "@type" : "buttonUp",
    "timestamp" : 11101756,
    "button" : "B"
  }, {
    "@type" : "buttonDown",
    "timestamp" : 11164159,
    "button" : "B"
  }, {
    "@type" : "buttonUp",
    "timestamp" : 11225303,
    "button" : "B"
  }, {
    "@type" : "buttonDown",
    "timestamp" : 11362076,
    "button" : "LEFT"
  }, {
    "@type" : "buttonDown",
    "timestamp" : 11472284,
    "button" : "A"
  }, {
    "@type" : "buttonUp",
    "timestamp" : 11743876,
    "button" : "A"
  }, {
    "@type" : "buttonUp",
    "timestamp" : 11872425,
    "button" : "LEFT"
  }, {
    "@type" : "snapshot",
    "timestamp" : 12000000,
    "hash" : "2A34B90CCDC3E922B7C65BFAEC938D3D086E5A62"
  }, {
    "@type" : "snapshot",
    "timestamp" : 13000000,
    "hash" : "0D7C13BD4E511B242A34D2C20F88C0DBC8664FCA"
  }, {
    "@type" : "close",
    "timestamp" : 13821266
  } ]
}