{
  "romHash" : "D55E8202929D922A84122921EF5C9671135B3E77",
  "stimuli" : [ {
    "@type" : "buttonDown",
    "timestamp" : 735784,
    "button" : "START"
  }, {
    "@type" : "buttonUp",
    "timestamp" : 804780,
    "button" : "START"
  }, {
    "@type" : "snapshot",
    "timestamp" : 1000000,
    "hash" : "CBB382928517043698D547C3E9D35CD1E46B7253"
  }, {
    "@type" : "buttonDown",
    "timestamp" : 1093923,
    "button" : "START"
  }, {
    "@type" : "buttonUp",
    "timestamp" : 1163165,
    "button" : "START"
  }, {
    "@type" : "snapshot",
    "timestamp" : 2000000,
    "hash" : "BEE31182B49ABE546727C34FA840AD2C6BCBDE72"
  }, {
    "@type" : "buttonDown",
    "timestamp" : 2560408,
    "button" : "START"
  }, {
    "@type" : "buttonUp",
    "timestamp" : 2647083,
    "button" : "START"
  }, {
    "@type" : "snapshot",
    "timestamp" : 3000000,
    "hash" : "E0EB88409102B986399C9F85A67A750BC9B869E5"
  }, {
    "@type" : "buttonDown",
    "timestamp" : 3064895,
    "button" : "START"
  }, {
    "@type" : "buttonUp",
    "timestamp" : 3135953,
    "button" : "START"
  }, {
    "@type" : "buttonDown",
    "timestamp" : 3610187,
    "button" : "A"
  }, {
    "@type" : "buttonUp",
    "timestamp" : 3662731,
    "button" : "A"
  }, {
    "@type" : "buttonDown",
    "timestamp" : 3793241,
    "button" : "A"
  }, {
    "@type" : "buttonUp",
    "timestamp" : 3844288,
    "button" : "A"
  }, {
    "@type" : "buttonDown",
    "timestamp" : 3927891,
    "button" : "A"
  }, {
    "@type" : "buttonUp",
    "timestamp" : 3972881,
    "button" : "A"
  }, {
    "@type" : "snapshot",
    "timestamp" : 4000000,
    "hash" : "9E1C53054C92F75EF1BF6A7D8DF20561F225B1D8"
  }, {
    "@type" : "buttonDown",
    "timestamp" : 4005399,
    "button" : "A"
  }, {
    "@type" : "buttonUp",
    "timestamp" : 4054887,
    "button" : "A"
  }, {
    "@type" : "buttonDown",
    "timestamp" : 4084151,
    "button" : "RIGHT"
  }, {
    "@type" : "buttonDown",
    "timestamp" : 4973824,
    "button" : "DOWN"
  }, {
    "@type" : "snapshot",
    "timestamp" : 5000000,
    "hash" : "93075872EEDC0FA0E9A798B6DA1DCEAD814F0DD4"
  }, {
    "@type" : "buttonUp",
    "timestamp" : 5023396,
    "button" : "RIGHT"
  }, {
    "@type" : "buttonUp",
    "timestamp" : 5042279,
    "button" : "DOWN"
  }, {
    "@type" : "buttonDown",
    "timestamp" : 5108925,
    "button" : "DOWN"
  }, {
    "@type" : "buttonDown",
    "timestamp" : 5109342,
    "button" : "UP"
  }, {
    "@type" : "buttonUp",
    "timestamp" : 5135188,
    "button" : "UP"
  }, {
    "@type" : "buttonUp",
    "timestamp" : 5144588,
    "button" : "DOWN"
  }, {
    "@type" : "buttonDown",
    "timestamp" : 5215276,
    "button" : "DOWN"
  }, {
    "@type" : "buttonUp",
    "timestamp" : 5284019,
    "button" : "DOWN"
  }, {
    "@type" : "buttonDown",
    "timestamp" : 5334554,
    "button" : "DOWN"
  }, {
    "@type" : "buttonUp",
    "timestamp" : 5373550,
    "button" : "DOWN"
  }, {
    "@type" : "buttonDown",
    "timestamp" : 5428918,
    "button" : "DOWN"
  }, {
    "@type" : "buttonUp",
    "timestamp" : 5490177,
    "button" : "DOWN"
  }, {
    "@type" : "buttonDown",
    "timestamp" : 5527102,
    "button" : "DOWN"
  }, {
    "@type" : "buttonUp",
    "timestamp" : 5576700,
    "button" : "DOWN"
  }, {
    "@type" : "buttonDown",
    "timestamp" : 5699590,
    "button" : "A"
  }, {
    "@type" : "buttonUp",
    "timestamp" : 5772832,
    "button" : "A"
  }, {
    "@type" : "snapshot",
    "timestamp" : 6000000,
    "hash" : "6163998ADE3791E12394F79625B8AE5769B95580"
  }, {
    "@type" : "buttonDown",
    "timestamp" : 6309131,
    "button" : "A"
  }, {
    "@type" : "buttonUp",
    "timestamp" : 6384297,
    "button" : "A"
  }, {
    "@type" : "snapshot",
    "timestamp" : 7000000,
    "hash" : "36EA8067444F844D18C8C0D7090004CF456CB1E1"
  }, {
    "@type" : "snapshot",
    "timestamp" : 8000000,
    "hash" : "1E2729750324F6C90B6A55C99CDE2CF729301C78"
  }, {
    "@type" : "buttonDown",
    "timestamp" : 8315750,
    "button" : "A"
  }, {
    "@type" : "buttonUp",
    "timestamp" : 8396517,
    "button" : "A"
  }, {
    "@type" : "snapshot",
    "timestamp" : 9000000,
    "hash" : "A7CA1600CBAFAB581CBB0C478DDDC369CEB689AA"
  }, {
    "@type" : "snapshot",
    "timestamp" : 10000000,
    "hash" : "F8BDBC2A6B9A9BFA5113FB8667E6C3D0D8471FCE"
  }, {
    "@type" : "buttonDown",
    "timestamp" : 10830690,
    "button" : "START"
  }, {
    "@type" : "buttonUp",
    "timestamp" : 10913631,
    "button" : "START"
  }, {
    "@type" : "snapshot",
    "timestamp" : 11000000,
    "hash" : "DC15C25CEEA703DC8717D64164687549CB8D1A84"
  }, {
    "@type" : "buttonDown",
    "timestamp" : 11338942,
    "button" : "A"
  }, {
    "@type" : "buttonUp",
    "timestamp" : 11432334,
    "button" : "A"
  }, {
    "@type" : "snapshot",
    "timestamp" : 12000000,
    "hash" : "1103402BDEC25F1EE67B4369CB46356ED6FFD48C"
  }, {
    "@type" : "buttonDown",
    "timestamp" : 12669976,
    "button" : "A"
  }, {
    "@type" : "buttonUp",
    "timestamp" : 12738028,
    "button" : "A"
  }, {
    "@type" : "snapshot",
    "timestamp" : 13000000,
    "hash" : "E99E6B9F8AD48E3C37386F258A1B50E9E62E54ED"
  }, {
    "@type" : "buttonDown",
    "timestamp" : 13499638,
    "button" : "RIGHT"
  }, {
    "@type" : "buttonDown",
    "timestamp" : 13755569,
    "button" : "DOWN"
  }, {
    "@type" : "buttonUp",
    "timestamp" : 13822671,
    "button" : "DOWN"
  }, {
    "@type" : "buttonDown",
    "timestamp" : 13881520,
    "button" : "B"
  }, {
    "@type" : "buttonUp",
    "timestamp" : 13939509,
    "button" : "B"
  }, {
    "@type" : "buttonDown",
    "timestamp" : 13976355,
    "button" : "B"
  }, {
    "@type" : "snapshot",
    "timestamp" : 14000000,
    "hash" : "7FE171BDAEB3FB3D285BDC1DCE8AD4FB5A43CFA3"
  }, {
    "@type" : "buttonUp",
    "timestamp" : 14023380,
    "button" : "B"
  }, {
    "@type" : "buttonUp",
    "timestamp" : 14023481,
    "button" : "RIGHT"
  }, {
    "@type" : "buttonDown",
    "timestamp" : 14049572,
    "button" : "B"
  }, {
    "@type" : "buttonUp",
    "timestamp" : 14096738,
    "button" : "B"
  }, {
    "@type" : "buttonDown",
    "timestamp" : 14128181,
    "button" : "B"
  }, {
    "@type" : "buttonUp",
    "timestamp" : 14179174,
    "button" : "B"
  }, {
    "@type" : "buttonDown",
    "timestamp" : 14217514,
    "button" : "B"
  }, {
    "@type" : "buttonUp",
    "timestamp" : 14264612,
    "button" : "B"
  }, {
    "@type" : "buttonDown",
    "timestamp" : 14307722,
    "button" : "B"
  }, {
    "@type" : "buttonUp",
    "timestamp" : 14369363,
    "button" : "B"
  }, {
    "@type" : "buttonDown",
    "timestamp" : 14418434,
    "button" : "B"
  }, {
    "@type" : "buttonUp",
    "timestamp" : 14457802,
    "button" : "B"
  }, {
    "@type" : "buttonDown",
    "timestamp" : 14505997,
    "button" : "B"
  }, {
    "@type" : "buttonUp",
    "timestamp" : 14568980,
    "button" : "B"
  }, {
    "@type" : "buttonDown",
    "timestamp" : 14599708,
    "button" : "B"
  }, {
    "@type" : "buttonUp",
    "timestamp" : 14667763,
    "button" : "B"
  }, {
    "@type" : "buttonDown",
    "timestamp" : 14725868,
    "button" : "B"
  }, {
    "@type" : "buttonUp",
    "timestamp" : 14773855,
    "button" : "B"
  }, {
    "@type" : "buttonDown",
    "timestamp" : 14815578,
    "button" : "B"
  }, {
    "@type" : "buttonUp",
    "timestamp" : 14873345,
    "button" : "B"
  }, {
    "@type" : "buttonDown",
    "timestamp" : 14909981,
    "button" : "B"
  }, {
    "@type" : "buttonUp",
    "timestamp" : 14962409,
    "button" : "B"
  }, {
    "@type" : "snapshot",
    "timestamp" : 15000000,
    "hash" : "02917E1D93AAFDAFE4F7CF4606CD374FCCD360F5"
  }, {
    "@type" : "buttonDown",
    "timestamp" : 15046737,
    "button" : "B"
  }, {
    "@type" : "buttonUp",
    "timestamp" : 15095984,
    "button" : "B"
  }, {
    "@type" : "buttonDown",
    "timestamp" : 15135904,
    "button" : "B"
  }, {
    "@type" : "buttonUp",
    "timestamp" : 15214406,
    "button" : "B"
  }, {
    "@type" : "close",
    "timestamp" : 15477288
  } ]
}