{
  "romHash" : "D55E8202929D922A84122921EF5C9671135B3E77",
  "stimuli" : [ {
    "@type" : "buttonDown",
    "timestamp" : 735784,
    "button" : "START"
  }, {
    "@type" : "buttonUp",
    "timestamp" : 804780,
    "button" : "START"
  }, {
    "@type" : "snapshot",
    "timestamp" : 1000000,
    "hash" : "270E494D16878402D5521D8C9691B0F55C4AEDA8"
  }, {
    "@type" : "buttonDown",
    "timestamp" : 1093923,
    "button" : "START"
  }, {
    "@type" : "buttonUp",
    "timestamp" : 1163165,
    "button" : "START"
  }, {
    "@type" : "snapshot",
    "timestamp" : 2000000,
    "hash" : "23B92FDDEB8E80B7BB59CAA721C06E14948B11C7"
  }, {
    "@type" : "buttonDown",
    "timestamp" : 2560408,
    "button" : "START"
  }, {
    "@type" : "buttonUp",
    "timestamp" : 2647083,
    "button" : "START"
  }, {
    "@type" : "snapshot",
    "timestamp" : 3000000,
    "hash" : "323AC44C1AB22564E834EC139C32C344593BE78F"
  }, {
    "@type" : "buttonDown",
    "timestamp" : 3064895,
    "button" : "START"
  }, {
    "@type" : "buttonUp",
    "timestamp" : 3135953,
    "button" : "START"
  }, {
    "@type" : "buttonDown",
    "timestamp" : 3610187,
    "button" : "A"
  }, {
    "@type" : "buttonUp",
    "timestamp" : 3662731,
    "button" : "A"
  }, {
    "@type" : "buttonDown",
    "timestamp" : 3793241,
    "button" : "A"
  }, {
    "@type" : "buttonUp",
    "timestamp" : 3844288,
    "button" : "A"
  }, {
    "@type" : "buttonDown",
    "timestamp" : 3927891,
    "button" : "A"
  }, {
    "@type" : "buttonUp",
    "timestamp" : 3972881,
    "button" : "A"
  }, {
    "@type" : "snapshot",
    "timestamp" : 4000000,
    "hash" : "57E7389051678D0EDF7862EB22C23BA5944EEC96"
  }, {
    "@type" : "buttonDown",
    "timestamp" : 4005399,
    "button" : "A"
  }, {
    "@type" : "buttonUp",
    "timestamp" : 4054887,
    "button" : "A"
  }, {
    "@type" : "buttonDown",
    "timestamp" : 4084151,
    "button" : "RIGHT"
  }, {
    "@type" : "buttonDown",
    "timestamp" : 4973824,
    "button" : "DOWN"
  }, {
    "@type" : "snapshot",
    "timestamp" : 5000000,
    "hash" : "6DF2B3F44E62D254B43D4FE4BA57C5441BDF53C4"
  }, {
    "@type" : "buttonUp",
    "timestamp" : 5023396,
    "button" : "RIGHT"
  }, {
    "@type" : "buttonUp",
    "timestamp" : 5042279,
    "button" : "DOWN"
  }, {
    "@type" : "buttonDown",
    "timestamp" : 5108925,
    "button" : "DOWN"
  }, {
    "@type" : "buttonDown",
    "timestamp" : 5109342,
    "button" : "UP"
  }, {
    "@type" : "buttonUp",
    "timestamp" : 5135188,
    "button" : "UP"
  }, {
    "@type" : "buttonUp",
    "timestamp" : 5144588,
    "button" : "DOWN"
  }, {
    "@type" : "buttonDown",
    "timestamp" : 5215276,
    "button" : "DOWN"
  }, {
    "@type" : "buttonUp",
    "timestamp" : 5284019,
    "button" : "DOWN"
  }, {
    "@type" : "buttonDown",
    "timestamp" : 5334554,
    "button" : "DOWN"
  }, {
    "@type" : "buttonUp",
    "timestamp" : 5373550,
    "button" : "DOWN"
  }, {
    "@type" : "buttonDown",
    "timestamp" : 5428918,
    "button" : "DOWN"
  }, {
    "@type" : "buttonUp",
    "timestamp" : 5490177,
    "button" : "DOWN"
  }, {
    "@type" : "buttonDown",
    "timestamp" : 5527102,
    "button" : "DOWN"
  }, {
    "@type" : "buttonUp",
    "timestamp" : 5576700,
    "button" : "DOWN"
  }, {
    "@type" : "buttonDown",
    "timestamp" : 5699590,
    "button" : "A"
  }, {
    "@type" : "buttonUp",
    "timestamp" : 5772832,
    "button" : "A"
  }, {
    "@type" : "snapshot",
    "timestamp" : 6000000,
    "hash" : "3A074F8C2C723F7BDB68649F10B747FCB545B17F"
  }, {
    "@type" : "buttonDown",
    "timestamp" : 6309131,
    "button" : "A"
  }, {
    "@type" : "buttonUp",
    "timestamp" : 6384297,
    "button" : "A"
  }, {
    "@type" : "snapshot",
    "timestamp" : 7000000,
    "hash" : "8FF3A465F9C04C51ED3F5F649FF18A52C6461873"
  }, {
    "@type" : "snapshot",
    "timestamp" : 8000000,
    "hash" : "F9F273C30EEF74FDD0AD7DE4C01FBFB317709920"
  }, {
    "@type" : "buttonDown",
    "timestamp" : 8315750,
    "button" : "A"
  }, {
    "@type" : "buttonUp",
    "timestamp" : 8396517,
    "button" : "A"
  }, {
    "@type" : "snapshot",
    "timestamp" : 9000000,
    "hash" : "DB81AFAF294F25E7E211B75222EDB6C958F04114"
  }, {
    "@type" : "snapshot",
    "timestamp" : 10000000,
    "hash" : "7134C97898EC93E74F7C8EE6BF232BB90961117D"
  }, {
    "@type" : "buttonDown",
    "timestamp" : 10830690,
    "button" : "START"
  }, {
    "@type" : "buttonUp",
    "timestamp" : 10913631,
    "button" : "START"
  }, {
    "@type" : "snapshot",
    "timestamp" : 11000000,
    "hash" : "5F228DBB77AD392DFBB38ACDBFF6BB992FDBF435"
  }, {
    "@type" : "buttonDown",
    "timestamp" : 11338942,
    "button" : "A"
  }, {
    "@type" : "buttonUp",
    "timestamp" : 11432334,
    "button" : "A"
  }, {
    "@type" : "snapshot",
    "timestamp" : 12000000,
    "hash" : "C9633AF2A97C7E596AF900172E53F7587F22E507"
  }, {
    "@type" : "buttonDown",
    "timestamp" : 12669976,
    "button" : "A"
  }, {
    "@type" : "buttonUp",
    "timestamp" : 12738028,
    "button" : "A"
  }, {
    "@type" : "snapshot",
    "timestamp" : 13000000,
    "hash" : "C9763DD119559AA1D4A0820D116A61E197E73F6C"
  }, {
    "@type" : "buttonDown",
    "timestamp" : 13499638,
    "button" : "RIGHT"
  }, {
    "@type" : "buttonDown",
    "timestamp" : 13755569,
    "button" : "DOWN"
  }, {
    "@type" : "buttonUp",
    "timestamp" : 13822671,
    "button" : "DOWN"
  }, {
    "@type" : "buttonDown",
    "timestamp" : 13881520,
    "button" : "B"
  }, {
    "@type" : "buttonUp",
    "timestamp" : 13939509,
    "button" : "B"
  }, {
    "@type" : "buttonDown",
    "timestamp" : 13976355,
    "button" : "B"
  }, {
    "@type" : "snapshot",
    "timestamp" : 14000000,
    "hash" : "38A955FE6366464E3AEC3F76A00CA588623A8EAD"
  }, {
    "@type" : "buttonUp",
    "timestamp" : 14023380,
    "button" : "B"
  }, {
    "@type" : "buttonUp",
    "timestamp" : 14023481,
    "button" : "RIGHT"
  }, {
    "@type" : "buttonDown",
    "timestamp" : 14049572,
    "button" : "B"
  }, {
    "@type" : "buttonUp",
    "timestamp" : 14096738,
    "button" : "B"
  }, {
    "@type" : "buttonDown",
    "timestamp" : 14128181,
    "button" : "B"
  }, {
    "@type" : "buttonUp",
    "timestamp" : 14179174,
    "button" : "B"
  }, {
    "@type" : "buttonDown",
    "timestamp" : 14217514,
    "button" : "B"
  }, {
    "@type" : "buttonUp",
    "timestamp" : 14264612,
    "button" : "B"
  }, {
    "@type" : "buttonDown",
    "timestamp" : 14307722,
    "button" : "B"
  }, {
    "@type" : "buttonUp",
    "timestamp" : 14369363,
    "button" : "B"
  }, {
    "@type" : "buttonDown",
    "timestamp" : 14418434,
    "button" : "B"
  }, {
    "@type" : "buttonUp",
    "timestamp" : 14457802,
    "button" : "B"
  }, {
    "@type" : "buttonDown",
    "timestamp" : 14505997,
    "button" : "B"
  }, {
    "@type" : "buttonUp",
    "timestamp" : 14568980,
    "button" : "B"
  }, {
    "@type" : "buttonDown",
    "timestamp" : 14599708,
    "button" : "B"
  }, {
    "@type" : "buttonUp",
    "timestamp" : 14667763,
    "button" : "B"
  }, {
    "@type" : "buttonDown",
    "timestamp" : 14725868,
    "button" : "B"
  }, {
    "@type" : "buttonUp",
    "timestamp" : 14773855,
    "button" : "B"
  }, {
    "@type" : "buttonDown",
    "timestamp" : 14815578,
    "button" : "B"
  }, {
    "@type" : "buttonUp",
    "timestamp" : 14873345,
    "button" : "B"
  }, {
    "@type" : "buttonDown",
    "timestamp" : 14909981,
    "button" : "B"
  }, {
    "@type" : "buttonUp",
    "timestamp" : 14962409,
    "button" : "B"
  }, {
    "@type" : "snapshot",
    "timestamp" : 15000000,
    "hash" : "C5E3365DDFF47D51A4E203C3C656EF9DDB5304A6"
  }, {
    "@type" : "buttonDown",
    "timestamp" : 15046737,
    "button" : "B"
  }, {
    "@type" : "buttonUp",
    "timestamp" : 15095984,
    "button" : "B"
  }, {
    "@type" : "buttonDown",
    "timestamp" : 15135904,
    "button" : "B"
  }, {
    "@type" : "buttonUp",
    "timestamp" : 15214406,
    "button" : "B"
  }, {
    "@type" : "close",
    "timestamp" : 15477288
  } ]
}