{
  "romHash" : "A611B90B4833B20A364BF06EE3BE3B9093EA4DF9",
  "stimuli" : [ {
    "@type" : "snapshot",
    "timestamp" : 1000000,
    "hash" : "99919DDE8723C0ED0AB370818FB7A52E9DC38FCA"
  }, {
    "@type" : "snapshot",
    "timestamp" : 2000000,
    "hash" : "C19D11663F7C93C75AFE20ED6821D332666BE5E1"
  }, {
    "@type" : "buttonDown",
    "timestamp" : 2251291,
    "button" : "START"
  }, {
    "@type" : "buttonUp",
    "timestamp" : 2319287,
    "button" : "START"
  }, {
    "@type" : "snapshot",
    "timestamp" : 3000000,
    "hash" : "87B9065547D7F8C125B02E50896C5395FA686098"
  }, {
    "@type" : "buttonDown",
    "timestamp" : 3449578,
    "button" : "START"
  }, {
    "@type" : "buttonUp",
    "timestamp" : 3532444,
    "button" : "START"
  }, {
    "@type" : "snapshot",
    "timestamp" : 4000000,
    "hash" : "DCEF1CF27E0697AB89ECA6D7C58C2C8A4DBD49EC"
  }, {
    "@type" : "snapshot",
    "timestamp" : 5000000,
    "hash" : "C73286120B8F6DC436133B4A9D8B87D6EA7A46FF"
  }, {
    "@type" : "snapshot",
    "timestamp" : 6000000,
    "hash" : "4BB1A52266E8B7B377593511B86BC8FA90BD7925"
  }, {
    "@type" : "buttonDown",
    "timestamp" : 6085544,
    "button" : "RIGHT"
  }, {
    "@type" : "buttonUp",
    "timestamp" : 6167985,
    "button" : "RIGHT"
  }, {
    "@type" : "buttonDown",
    "timestamp" : 6346634,
    "button" : "DOWN"
  }, {
    "@type" : "buttonDown",
    "timestamp" : 6347156,
    "button" : "UP"
  }, {
    "@type" : "buttonUp",
    "timestamp" : 6386009,
    "button" : "DOWN"
  }, {
    "@type" : "buttonUp",
    "timestamp" : 6403639,
    "button" : "UP"
  }, {
    "@type" : "buttonDown",
    "timestamp" : 6627532,
    "button" : "A"
  }, {
    "@type" : "buttonUp",
    "timestamp" : 6691694,
    "button" : "A"
  }, {
    "@type" : "snapshot",
    "timestamp" : 7000000,
    "hash" : "BC97B6CFA5C8564F912492099B3A2157C85A6A95"
  }, {
    "@type" : "buttonDown",
    "timestamp" : 7462006,
    "button" : "B"
  }, {
    "@type" : "buttonDown",
    "timestamp" : 7495511,
    "button" : "RIGHT"
  }, {
    "@type" : "snapshot",
    "timestamp" : 8000000,
    "hash" : "2A420BC7F76450CED1FA265B6D81CFEEE72521B2"
  }, {
    "@type" : "buttonDown",
    "timestamp" : 8189420,
    "button" : "A"
  }, {
    "@type" : "buttonUp",
    "timestamp" : 8252010,
    "button" : "RIGHT"
  }, {
    "@type" : "buttonUp",
    "timestamp" : 8274964,
    "button" : "A"
  }, {
    "@type" : "buttonDown",
    "timestamp" : 8286314,
    "button" : "LEFT"
  }, {
    "@type" : "buttonUp",
    "timestamp" : 8530997,
    "button" : "LEFT"
  }, {
    "@type" : "buttonDown",
    "timestamp" : 8633922,
    "button" : "LEFT"
  }, {
    "@type" : "buttonDown",
    "timestamp" : 8664080,
    "button" : "A"
  }, {
    "@type" : "buttonUp",
    "timestamp" : 8664313,
    "button" : "LEFT"
  }, {
    "@type" : "buttonUp",
    "timestamp" : 8759363,
    "button" : "A"
  }, {
    "@type" : "buttonDown",
    "timestamp" : 8776526,
    "button" : "RIGHT"
  }, {
    "@type" : "buttonDown",
    "timestamp" : 8997955,
    "button" : "A"
  }, {
    "@type" : "snapshot",
    "timestamp" : 9000000,
    "hash" : "57E6F636457BE915FAF84ECD56980049E6B14BD8"
  }, {
    "@type" : "buttonDown",
    "timestamp" : 9008004,
    "button" : "LEFT"
  }, {
    "@type" : "buttonUp",
    "timestamp" : 9020584,
    "button" : "RIGHT"
  }, {
    "@type" : "buttonUp",
    "timestamp" : 9080514,
    "button" : "A"
  }, {
    "@type" : "buttonUp",
    "timestamp" : 9108313,
    "button" : "LEFT"
  }, {
    "@type" : "buttonUp",
    "timestamp" : 9157321,
    "button" : "B"
  }, {
    "@type" : "buttonDown",
    "timestamp" : 9263197,
    "button" : "RIGHT"
  }, {
    "@type" : "buttonDown",
    "timestamp" : 9360469,
    "button" : "B"
  }, {
    "@type" : "buttonDown",
    "timestamp" : 9400131,
    "button" : "A"
  }, {
    "@type" : "buttonUp",
    "timestamp" : 9468046,
    "button" : "RIGHT"
  }, {
    "@type" : "buttonDown",
    "timestamp" : 9480888,
    "button" : "LEFT"
  }, {
    "@type" : "buttonUp",
    "timestamp" : 9502058,
    "button" : "A"
  }, {
    "@type" : "buttonUp",
    "timestamp" : 9602897,
    "button" : "B"
  }, {
    "@type" : "buttonUp",
    "timestamp" : 9636093,
    "button" : "LEFT"
  }, {
    "@type" : "buttonDown",
    "timestamp" : 9740039,
    "button" : "B"
  }, {
    "@type" : "buttonDown",
    "timestamp" : 9762595,
    "button" : "A"
  }, {
    "@type" : "buttonUp",
    "timestamp" : 9859103,
    "button" : "A"
  }, {
    "@type" : "buttonUp",
    "timestamp" : 9866191,
    "button" : "B"
  }, {
    "@type" : "buttonDown",
    "timestamp" : 9912135,
    "button" : "RIGHT"
  }, {
    "@type" : "snapshot",
    "timestamp" : 10000000,
    "hash" : "C3DE2EAC1DD9D9B453A915CEF2B45C20B1622703"
  }, {
    "@type" : "buttonDown",
    "timestamp" : 10096254,
    "button" : "B"
  }, {
    "@type" : "buttonUp",
    "timestamp" : 10113058,
    "button" : "RIGHT"
  }, {
    "@type" : "buttonDown",
    "timestamp" : 10117202,
    "button" : "A"
  }, {
    "@type" : "buttonDown",
    "timestamp" : 10152683,
    "button" : "LEFT"
  }, {
    "@type" : "buttonUp",
    "timestamp" : 10266751,
    "button" : "A"
  }, {
    "@type" : "buttonUp",
    "timestamp" : 10475987,
    "button" : "LEFT"
  }, {
    "@type" : "buttonUp",
    "timestamp" : 10492884,
    "button" : "B"
  }, {
    "@type" : "buttonDown",
    "timestamp" : 10657186,
    "button" : "RIGHT"
  }, {
    "@type" : "buttonDown",
    "timestamp" : 10663022,
    "button" : "A"
  }, {
    "@type" : "buttonDown",
    "timestamp" : 10742346,
    "button" : "B"
  }, {
    "@type" : "buttonUp",
    "timestamp" : 10841347,
    "button" : "B"
  }, {
    "@type" : "buttonUp",
    "timestamp" : 10844608,
    "button" : "A"
  }, {
    "@type" : "buttonDown",
    "timestamp" : 10940436,
    "button" : "A"
  }, {
    "@type" : "buttonUp",
    "timestamp" : 10988516,
    "button" : "A"
  }, {
    "@type" : "snapshot",
    "timestamp" : 11000000,
    "hash" : "8D7AFE4B49C7120A2B355550CC85E72AC34BF668"
  }, {
    "@type" : "buttonDown",
    "timestamp" : 11313505,
    "button" : "B"
  }, {
    "@type" : "buttonDown",
    "timestamp" : 11503968,
    "button" : "A"
  }, {
    "@type" : "buttonUp",
    "timestamp" : 11703830,
    "button" : "A"
  }, {
    "@type" : "buttonUp",
    "timestamp" : 11778091,
    "button" : "RIGHT"
  }, {
    "@type" : "buttonDown",
    "timestamp" : 11880564,
    "button" : "LEFT"
  }, {
    "@type" : "buttonUp",
    "timestamp" : 11909653,
    "button" : "B"
  }, {
    "@type" : "snapshot",
    "timestamp" : 12000000,
    "hash" : "10A9DF1BB393091CB73BE30D51597EFB2E584CBB"
  }, {
    "@type" : "buttonUp",
    "timestamp" : 12034179,
    "button" : "LEFT"
  }, {
    "@type" : "buttonDown",
    "timestamp" : 12096474,
    "button" : "B"
  }, {
    "@type" : "buttonDown",
    "timestamp" : 12107776,
    "button" : "RIGHT"
  }, {
    "@type" : "buttonDown",
    "timestamp" : 12314721,
    "button" : "A"
  }, {
    "@type" : "buttonUp",
    "timestamp" : 12395432,
    "button" : "A"
  }, {
    "@type" : "buttonDown",
    "timestamp" : 12516905,
    "button" : "A"
  }, {
    "@type" : "buttonUp",
    "timestamp" : 12593591,
    "button" : "A"
  }, {
    "@type" : "buttonUp",
    "timestamp" : 12632920,
    "button" : "RIGHT"
  }, {
    "@type" : "buttonUp",
    "timestamp" : 12850461,
    "button" : "B"
  }, {
    "@type" : "buttonDown",
    "timestamp" : 12868829,
    "button" : "LEFT"
  }, {
    "@type" : "snapshot",
    "timestamp" : 13000000,
    "hash" : "C03344FB5A5854C6F0B9EFDA9A888810AF4700F9"
  }, {
    "@type" : "buttonDown",
    "timestamp" : 13105884,
    "button" : "A"
  }, {
    "@type" : "buttonUp",
    "timestamp" : 13224780,
    "button" : "A"
  }, {
    "@type" : "buttonUp",
    "timestamp" : 13236008,
    "button" : "LEFT"
  }, {
    "@type" : "buttonDown",
    "timestamp" : 13303861,
    "button" : "RIGHT"
  }, {
    "@type" : "buttonUp",
    "timestamp" : 13424279,
    "button" : "RIGHT"
  }, {
    "@type" : "buttonDown",
    "timestamp" : 13569249,
    "button" : "A"
  }, {
    "@type" : "buttonUp",
    "timestamp" : 13685535,
    "button" : "A"
  }, {
    "@type" : "buttonDown",
    "timestamp" : 13947706,
    "button" : "LEFT"
  }, {
    "@type" : "snapshot",
    "timestamp" : 14000000,
    "hash" : "5B33939EB97D7DB47CF25FEE01B817AD4F160F03"
  }, {
    "@type" : "buttonUp",
    "timestamp" : 14038703,
    "button" : "LEFT"
  }, {
    "@type" : "buttonDown",
    "timestamp" : 14075887,
    "button" : "B"
  }, {
    "@type" : "buttonDown",
    "timestamp" : 14140111,
    "button" : "LEFT"
  }, {
    "@type" : "buttonUp",
    "timestamp" : 14224556,
    "button" : "LEFT"
  }, {
    "@type" : "buttonDown",
    "timestamp" : 14258557,
    "button" : "RIGHT"
  }, {
    "@type" : "buttonDown",
    "timestamp" : 14693966,
    "button" : "A"
  }, {
    "@type" : "buttonUp",
    "timestamp" : 14763795,
    "button" : "A"
  }, {
    "@type" : "buttonUp",
    "timestamp" : 14780116,
    "button" : "RIGHT"
  }, {
    "@type" : "buttonUp",
    "timestamp" : 14827499,
    "button" : "B"
  }, {
    "@type" : "buttonDown",
    "timestamp" : 14899056,
    "button" : "LEFT"
  }, {
    "@type" : "snapshot",
    "timestamp" : 15000000,
    "hash" : "4BCBE8BA5497080062E5141C924B54C53A597955"
  }, {
    "@type" : "buttonUp",
    "timestamp" : 15030247,
    "button" : "LEFT"
  }, {
    "@type" : "buttonDown",
    "timestamp" : 15092941,
    "button" : "B"
  }, {
    "@type" : "buttonDown",
    "timestamp" : 15120360,
    "button" : "RIGHT"
  }, {
    "@type" : "buttonDown",
    "timestamp" : 15167646,
    "button" : "A"
  }, {
    "@type" : "buttonUp",
    "timestamp" : 15282824,
    "button" : "A"
  }, {
    "@type" : "buttonDown",
    "timestamp" : 15650144,
    "button" : "A"
  }, {
    "@type" : "buttonUp",
    "timestamp" : 15654282,
    "button" : "RIGHT"
  }, {
    "@type" : "buttonUp",
    "timestamp" : 15734905,
    "button" : "A"
  }, {
    "@type" : "buttonDown",
    "timestamp" : 15859816,
    "button" : "RIGHT"
  }, {
    "@type" : "buttonDown",
    "timestamp" : 15922036,
    "button" : "A"
  }, {
    "@type" : "buttonUp",
    "timestamp" : 15950205,
    "button" : "RIGHT"
  }, {
    "@type" : "buttonUp",
    "timestamp" : 15977681,
    "button" : "A"
  }, {
    "@type" : "snapshot",
    "timestamp" : 16000000,
    "hash" : "AA52AA39D0599EACC4763FFAA4C957EF809EF8E0"
  }, {
    "@type" : "buttonDown",
    "timestamp" : 16035001,
    "button" : "LEFT"
  }, {
    "@type" : "buttonUp",
    "timestamp" : 16323824,
    "button" : "LEFT"
  }, {
    "@type" : "buttonUp",
    "timestamp" : 16372562,
    "button" : "B"
  }, {
    "@type" : "buttonDown",
    "timestamp" : 16417532,
    "button" : "RIGHT"
  }, {
    "@type" : "buttonUp",
    "timestamp" : 16481340,
    "button" : "RIGHT"
  }, {
    "@type" : "close",
    "timestamp" : 16725952
  } ]
}