{
  "romHash" : "A611B90B4833B20A364BF06EE3BE3B9093EA4DF9",
  "stimuli" : [ {
    "@type" : "snapshot",
    "timestamp" : 1000000,
    "hash" : "FD2A6394E8F1F4094022696A09504FBB0BBDC45B"
  }, {
    "@type" : "snapshot",
    "timestamp" : 2000000,
    "hash" : "D93D02E370F1BC8BF09F95D370EABDA72E12E7CD"
  }, {
    "@type" : "buttonDown",
    "timestamp" : 2782343,
    "button" : "START"
  }, {
    "@type" : "buttonUp",
    "timestamp" : 2828682,
    "button" : "START"
  }, {
    "@type" : "snapshot",
    "timestamp" : 3000000,
    "hash" : "5448AF57AF7C4EDB46DCF3C0FEC72631DF656F78"
  }, {
    "@type" : "buttonDown",
    "timestamp" : 3452348,
    "button" : "START"
  }, {
    "@type" : "buttonUp",
    "timestamp" : 3523201,
    "button" : "START"
  }, {
    "@type" : "snapshot",
    "timestamp" : 4000000,
    "hash" : "A81B5BDB75577A44E32F378C237DF3B00FEA5276"
  }, {
    "@type" : "snapshot",
    "timestamp" : 5000000,
    "hash" : "C73286120B8F6DC436133B4A9D8B87D6EA7A46FF"
  }, {
    "@type" : "snapshot",
    "timestamp" : 6000000,
    "hash" : "878D1E58832289D7485EF85B210B22507EC2B6EC"
  }, {
    "@type" : "buttonDown",
    "timestamp" : 6039520,
    "button" : "RIGHT"
  }, {
    "@type" : "buttonUp",
    "timestamp" : 6136643,
    "button" : "RIGHT"
  }, {
    "@type" : "buttonDown",
    "timestamp" : 6272181,
    "button" : "UP"
  }, {
    "@type" : "buttonUp",
    "timestamp" : 6328910,
    "button" : "UP"
  }, {
    "@type" : "buttonDown",
    "timestamp" : 6473626,
    "button" : "A"
  }, {
    "@type" : "buttonUp",
    "timestamp" : 6522492,
    "button" : "A"
  }, {
    "@type" : "snapshot",
    "timestamp" : 7000000,
    "hash" : "8C63A5C4DCBC775CF0FC243AED2CD51A63ECF0B2"
  }, {
    "@type" : "buttonDown",
    "timestamp" : 7138275,
    "button" : "B"
  }, {
    "@type" : "buttonDown",
    "timestamp" : 7184689,
    "button" : "RIGHT"
  }, {
    "@type" : "buttonDown",
    "timestamp" : 7937396,
    "button" : "A"
  }, {
    "@type" : "buttonUp",
    "timestamp" : 7959632,
    "button" : "RIGHT"
  }, {
    "@type" : "buttonDown",
    "timestamp" : 7970946,
    "button" : "LEFT"
  }, {
    "@type" : "snapshot",
    "timestamp" : 8000000,
    "hash" : "B5BE9795569DDE50BC54179A45811A5F67CCDE0F"
  }, {
    "@type" : "buttonUp",
    "timestamp" : 8015932,
    "button" : "A"
  }, {
    "@type" : "buttonUp",
    "timestamp" : 8037921,
    "button" : "LEFT"
  }, {
    "@type" : "buttonDown",
    "timestamp" : 8300511,
    "button" : "LEFT"
  }, {
    "@type" : "buttonUp",
    "timestamp" : 8401328,
    "button" : "LEFT"
  }, {
    "@type" : "buttonDown",
    "timestamp" : 8437052,
    "button" : "RIGHT"
  }, {
    "@type" : "buttonDown",
    "timestamp" : 8462673,
    "button" : "A"
  }, {
    "@type" : "buttonUp",
    "timestamp" : 8518639,
    "button" : "RIGHT"
  }, {
    "@type" : "buttonUp",
    "timestamp" : 8544849,
    "button" : "A"
  }, {
    "@type" : "buttonDown",
    "timestamp" : 8619518,
    "button" : "RIGHT"
  }, {
    "@type" : "buttonUp",
    "timestamp" : 8658912,
    "button" : "RIGHT"
  }, {
    "@type" : "buttonDown",
    "timestamp" : 8742463,
    "button" : "LEFT"
  }, {
    "@type" : "buttonUp",
    "timestamp" : 8815253,
    "button" : "LEFT"
  }, {
    "@type" : "buttonDown",
    "timestamp" : 8882404,
    "button" : "LEFT"
  }, {
    "@type" : "buttonDown",
    "timestamp" : 8955225,
    "button" : "A"
  }, {
    "@type" : "buttonUp",
    "timestamp" : 8977760,
    "button" : "LEFT"
  }, {
    "@type" : "snapshot",
    "timestamp" : 9000000,
    "hash" : "F5D0D17C49DAA7952AF705674409C140B4ACE628"
  }, {
    "@type" : "buttonUp",
    "timestamp" : 9057331,
    "button" : "A"
  }, {
    "@type" : "buttonDown",
    "timestamp" : 9227607,
    "button" : "RIGHT"
  }, {
    "@type" : "buttonUp",
    "timestamp" : 9336042,
    "button" : "RIGHT"
  }, {
    "@type" : "buttonDown",
    "timestamp" : 9368985,
    "button" : "A"
  }, {
    "@type" : "buttonUp",
    "timestamp" : 9492578,
    "button" : "A"
  }, {
    "@type" : "buttonDown",
    "timestamp" : 9594146,
    "button" : "RIGHT"
  }, {
    "@type" : "buttonUp",
    "timestamp" : 9687583,
    "button" : "RIGHT"
  }, {
    "@type" : "buttonDown",
    "timestamp" : 9700277,
    "button" : "A"
  }, {
    "@type" : "buttonDown",
    "timestamp" : 9726592,
    "button" : "LEFT"
  }, {
    "@type" : "buttonUp",
    "timestamp" : 9932902,
    "button" : "A"
  }, {
    "@type" : "snapshot",
    "timestamp" : 10000000,
    "hash" : "0B6193AF241911D7479F2074F795471C97470950"
  }, {
    "@type" : "buttonUp",
    "timestamp" : 10044236,
    "button" : "LEFT"
  }, {
    "@type" : "buttonDown",
    "timestamp" : 10119399,
    "button" : "RIGHT"
  }, {
    "@type" : "buttonDown",
    "timestamp" : 10865833,
    "button" : "A"
  }, {
    "@type" : "buttonUp",
    "timestamp" : 10957529,
    "button" : "A"
  }, {
    "@type" : "buttonUp",
    "timestamp" : 10992928,
    "button" : "RIGHT"
  }, {
    "@type" : "snapshot",
    "timestamp" : 11000000,
    "hash" : "6BE00C81775016C66CEF89A2DEBF36DE8F0553A1"
  }, {
    "@type" : "buttonDown",
    "timestamp" : 11063073,
    "button" : "LEFT"
  }, {
    "@type" : "buttonUp",
    "timestamp" : 11131472,
    "button" : "LEFT"
  }, {
    "@type" : "buttonDown",
    "timestamp" : 11299465,
    "button" : "RIGHT"
  }, {
    "@type" : "buttonDown",
    "timestamp" : 11400265,
    "button" : "A"
  }, {
    "@type" : "buttonUp",
    "timestamp" : 11484866,
    "button" : "A"
  }, {
    "@type" : "buttonDown",
    "timestamp" : 11567591,
    "button" : "A"
  }, {
    "@type" : "buttonUp",
    "timestamp" : 11664850,
    "button" : "A"
  }, {
    "@type" : "buttonDown",
    "timestamp" : 11747628,
    "button" : "A"
  }, {
    "@type" : "buttonUp",
    "timestamp" : 11930361,
    "button" : "A"
  }, {
    "@type" : "snapshot",
    "timestamp" : 12000000,
    "hash" : "27E590BB73FA3C9E39E6E982BE3C6F9D8BAEDA95"
  }, {
    "@type" : "buttonUp",
    "timestamp" : 12492567,
    "button" : "RIGHT"
  }, {
    "@type" : "buttonUp",
    "timestamp" : 12528279,
    "button" : "B"
  }, {
    "@type" : "snapshot",
    "timestamp" : 13000000,
    "hash" : "D9D1423A692828253CB035C19E7CB622E58D4EA6"
  }, {
    "@type" : "close",
    "timestamp" : 13057142
  } ]
}