{
  "romHash" : "A611B90B4833B20A364BF06EE3BE3B9093EA4DF9",
  "stimuli" : [ {
    "@type" : "snapshot",
    "timestamp" : 1000000,
    "hash" : "B37EF12C9B4FF534135949F330FB49F3BC86428A"
  }, {
    "@type" : "snapshot",
    "timestamp" : 2000000,
    "hash" : "A9A6A2F95034AE7F2A005B480BD165B60B8622AD"
  }, {
    "@type" : "buttonDown",
    "timestamp" : 2782343,
    "button" : "START"
  }, {
    "@type" : "buttonUp",
    "timestamp" : 2828682,
    "button" : "START"
  }, {
    "@type" : "snapshot",
    "timestamp" : 3000000,
    "hash" : "63FB5E2D21EA1CB38353BF55F90F8D5616241E59"
  }, {
    "@type" : "buttonDown",
    "timestamp" : 3452348,
    "button" : "START"
  }, {
    "@type" : "buttonUp",
    "timestamp" : 3523201,
    "button" : "START"
  }, {
    "@type" : "snapshot",
    "timestamp" : 4000000,
    "hash" : "D0791165982BBBA88F23CB2331D4557043B6DC8D"
  }, {
    "@type" : "snapshot",
    "timestamp" : 5000000,
    "hash" : "C550A32C9D4F7CDD4063CE2B557C947C7BB0D416"
  }, {
    "@type" : "snapshot",
    "timestamp" : 6000000,
    "hash" : "646C67B0C7F04655A3D4ABACCC76762C1F16BDAC"
  }, {
    "@type" : "buttonDown",
    "timestamp" : 6039520,
    "button" : "RIGHT"
  }, {
    "@type" : "buttonUp",
    "timestamp" : 6136643,
    "button" : "RIGHT"
  }, {
    "@type" : "buttonDown",
    "timestamp" : 6272181,
    "button" : "UP"
  }, {
    "@type" : "buttonUp",
    "timestamp" : 6328910,
    "button" : "UP"
  }, {
    "@type" : "buttonDown",
    "timestamp" : 6473626,
    "button" : "A"
  }, {
    "@type" : "buttonUp",
    "timestamp" : 6522492,
    "button" : "A"
  }, {
    "@type" : "snapshot",
    "timestamp" : 7000000,
    "hash" : "8C63A5C4DCBC775CF0FC243AED2CD51A63ECF0B2"
  }, {
    "@type" : "buttonDown",
    "timestamp" : 7138275,
    "button" : "B"
  }, {
    "@type" : "buttonDown",
    "timestamp" : 7184689,
    "button" : "RIGHT"
  }, {
    "@type" : "buttonDown",
    "timestamp" : 7937396,
    "button" : "A"
  }, {
    "@type" : "buttonUp",
    "timestamp" : 7959632,
    "button" : "RIGHT"
  }, {
    "@type" : "buttonDown",
    "timestamp" : 7970946,
    "button" : "LEFT"
  }, {
    "@type" : "snapshot",
    "timestamp" : 8000000,
    "hash" : "C532A20E33930B92E145A7AC109DEB429300CAEC"
  }, {
    "@type" : "buttonUp",
    "timestamp" : 8015932,
    "button" : "A"
  }, {
    "@type" : "buttonUp",
    "timestamp" : 8037921,
    "button" : "LEFT"
  }, {
    "@type" : "buttonDown",
    "timestamp" : 8300511,
    "button" : "LEFT"
  }, {
    "@type" : "buttonUp",
    "timestamp" : 8401328,
    "button" : "LEFT"
  }, {
    "@type" : "buttonDown",
    "timestamp" : 8437052,
    "button" : "RIGHT"
  }, {
    "@type" : "buttonDown",
    "timestamp" : 8462673,
    "button" : "A"
  }, {
    "@type" : "buttonUp",
    "timestamp" : 8518639,
    "button" : "RIGHT"
  }, {
    "@type" : "buttonUp",
    "timestamp" : 8544849,
    "button" : "A"
  }, {
    "@type" : "buttonDown",
    "timestamp" : 8619518,
    "button" : "RIGHT"
  }, {
    "@type" : "buttonUp",
    "timestamp" : 8658912,
    "button" : "RIGHT"
  }, {
    "@type" : "buttonDown",
    "timestamp" : 8742463,
    "button" : "LEFT"
  }, {
    "@type" : "buttonUp",
    "timestamp" : 8815253,
    "button" : "LEFT"
  }, {
    "@type" : "buttonDown",
    "timestamp" : 8882404,
    "button" : "LEFT"
  }, {
    "@type" : "buttonDown",
    "timestamp" : 8955225,
    "button" : "A"
  }, {
    "@type" : "buttonUp",
    "timestamp" : 8977760,
    "button" : "LEFT"
  }, {
    "@type" : "snapshot",
    "timestamp" : 9000000,
    "hash" : "F8DC3AC917D2886804A62D0F656EDC94BEC97C01"
  }, {
    "@type" : "buttonUp",
    "timestamp" : 9057331,
    "button" : "A"
  }, {
    "@type" : "buttonDown",
    "timestamp" : 9227607,
    "button" : "RIGHT"
  }, {
    "@type" : "buttonUp",
    "timestamp" : 9336042,
    "button" : "RIGHT"
  }, {
    "@type" : "buttonDown",
    "timestamp" : 9368985,
    "button" : "A"
  }, {
    "@type" : "buttonUp",
    "timestamp" : 9492578,
    "button" : "A"
  }, {
    "@type" : "buttonDown",
    "timestamp" : 9594146,
    "button" : "RIGHT"
  }, {
    "@type" : "buttonUp",
    "timestamp" : 9687583,
    "button" : "RIGHT"
  }, {
    "@type" : "buttonDown",
    "timestamp" : 9700277,
    "button" : "A"
  }, {
    "@type" : "buttonDown",
    "timestamp" : 9726592,
    "button" : "LEFT"
  }, {
    "@type" : "buttonUp",
    "timestamp" : 9932902,
    "button" : "A"
  }, {
    "@type" : "snapshot",
    "timestamp" : 10000000,
    "hash" : "7524036D44463FC7355BA310C72E75AAAE6AB55F"
  }, {
    "@type" : "buttonUp",
    "timestamp" : 10044236,
    "button" : "LEFT"
  }, {
    "@type" : "buttonDown",
    "timestamp" : 10119399,
    "button" : "RIGHT"
  }, {
    "@type" : "buttonDown",
    "timestamp" : 10865833,
    "button" : "A"
  }, {
    "@type" : "buttonUp",
    "timestamp" : 10957529,
    "button" : "A"
  }, {
    "@type" : "buttonUp",
    "timestamp" : 10992928,
    "button" : "RIGHT"
  }, {
    "@type" : "snapshot",
    "timestamp" : 11000000,
    "hash" : "18B7919C6DD2B1C5A8BE6BD0FD6A52D9A1C71026"
  }, {
    "@type" : "buttonDown",
    "timestamp" : 11063073,
    "button" : "LEFT"
  }, {
    "@type" : "buttonUp",
    "timestamp" : 11131472,
    "button" : "LEFT"
  }, {
    "@type" : "buttonDown",
    "timestamp" : 11299465,
    "button" : "RIGHT"
  }, {
    "@type" : "buttonDown",
    "timestamp" : 11400265,
    "button" : "A"
  }, {
    "@type" : "buttonUp",
    "timestamp" : 11484866,
    "button" : "A"
  }, {
    "@type" : "buttonDown",
    "timestamp" : 11567591,
    "button" : "A"
  }, {
    "@type" : "buttonUp",
    "timestamp" : 11664850,
    "button" : "A"
  }, {
    "@type" : "buttonDown",
    "timestamp" : 11747628,
    "button" : "A"
  }, {
    "@type" : "buttonUp",
    "timestamp" : 11930361,
    "button" : "A"
  }, {
    "@type" : "snapshot",
    "timestamp" : 12000000,
    "hash" : "EB711C4E4F5F27A87C35A703363AFBEA446795BF"
  }, {
    "@type" : "buttonUp",
    "timestamp" : 12492567,
    "button" : "RIGHT"
  }, {
    "@type" : "buttonUp",
    "timestamp" : 12528279,
    "button" : "B"
  }, {
    "@type" : "snapshot",
    "timestamp" : 13000000,
    "hash" : "BD3B1F58899997A357BAD6EDB44636A067801AC1"
  }, {
    "@type" : "close",
    "timestamp" : 13057142
  } ]
}