{
  "romHash" : "FACEE9C577A5262DBE33AC4930BB0B58C8C037F7",
  "stimuli" : [ {
    "@type" : "snapshot",
    "timestamp" : 1000000,
    "hash" : "D682D7FD569B356027ECC1F78C2B6F34E5F06A1A"
  }, {
    "@type" : "buttonDown",
    "timestamp" : 1035527,
    "button" : "START"
  }, {
    "@type" : "buttonUp",
    "timestamp" : 1078395,
    "button" : "START"
  }, {
    "@type" : "snapshot",
    "timestamp" : 2000000,
    "hash" : "B33F6B511827623B77AD2909C8C7D99A2C5BA62D"
  }, {
    "@type" : "buttonDown",
    "timestamp" : 2848441,
    "button" : "B"
  }, {
    "@type" : "buttonDown",
    "timestamp" : 2865974,
    "button" : "RIGHT"
  }, {
    "@type" : "snapshot",
    "timestamp" : 3000000,
    "hash" : "3C79A0052CC6196F634C9ED98AEFAA00BEBCB13E"
  }, {
    "@type" : "buttonUp",
    "timestamp" : 3809023,
    "button" : "RIGHT"
  }, {
    "@type" : "buttonDown",
    "timestamp" : 3821077,
    "button" : "LEFT"
  }, {
    "@type" : "buttonUp",
    "timestamp" : 3847169,
    "button" : "B"
  }, {
    "@type" : "buttonDown",
    "timestamp" : 3993268,
    "button" : "A"
  }, {
    "@type" : "snapshot",
    "timestamp" : 4000000,
    "hash" : "61070B2027BBE5E6E6A1C8999AAA5C13FE5A3763"
  }, {
    "@type" : "buttonUp",
    "timestamp" : 4056387,
    "button" : "LEFT"
  }, {
    "@type" : "buttonUp",
    "timestamp" : 4066601,
    "button" : "A"
  }, {
    "@type" : "buttonDown",
    "timestamp" : 4224375,
    "button" : "B"
  }, {
    "@type" : "buttonDown",
    "timestamp" : 4226600,
    "button" : "RIGHT"
  }, {
    "@type" : "buttonDown",
    "timestamp" : 4291251,
    "button" : "A"
  }, {
    "@type" : "buttonUp",
    "timestamp" : 4428927,
    "button" : "A"
  }, {
    "@type" : "buttonUp",
    "timestamp" : 4438399,
    "button" : "RIGHT"
  }, {
    "@type" : "buttonUp",
    "timestamp" : 4449887,
    "button" : "B"
  }, {
    "@type" : "buttonDown",
    "timestamp" : 4490988,
    "button" : "LEFT"
  }, {
    "@type" : "buttonUp",
    "timestamp" : 4569130,
    "button" : "LEFT"
  }, {
    "@type" : "buttonDown",
    "timestamp" : 4757702,
    "button" : "RIGHT"
  }, {
    "@type" : "buttonDown",
    "timestamp" : 4928493,
    "button" : "B"
  }, {
    "@type" : "snapshot",
    "timestamp" : 5000000,
    "hash" : "41327B9B237749DEC160031477E74C97C958C19E"
  }, {
    "@type" : "buttonDown",
    "timestamp" : 5002259,
    "button" : "A"
  }, {
    "@type" : "buttonUp",
    "timestamp" : 5047677,
    "button" : "RIGHT"
  }, {
    "@type" : "buttonDown",
    "timestamp" : 5073023,
    "button" : "LEFT"
  }, {
    "@type" : "buttonUp",
    "timestamp" : 5078865,
    "button" : "A"
  }, {
    "@type" : "buttonDown",
    "timestamp" : 5288627,
    "button" : "A"
  }, {
    "@type" : "buttonUp",
    "timestamp" : 5322284,
    "button" : "LEFT"
  }, {
    "@type" : "buttonUp",
    "timestamp" : 5365694,
    "button" : "A"
  }, {
    "@type" : "buttonDown",
    "timestamp" : 5419981,
    "button" : "RIGHT"
  }, {
    "@type" : "buttonUp",
    "timestamp" : 5604566,
    "button" : "RIGHT"
  }, {
    "@type" : "buttonUp",
    "timestamp" : 5613914,
    "button" : "B"
  }, {
    "@type" : "buttonDown",
    "timestamp" : 5625048,
    "button" : "LEFT"
  }, {
    "@type" : "buttonDown",
    "timestamp" : 5770029,
    "button" : "A"
  }, {
    "@type" : "buttonDown",
    "timestamp" : 5784399,
    "button" : "B"
  }, {
    "@type" : "snapshot",
    "timestamp" : 6000000,
    "hash" : "3E8BE641AF1F6ADFA1056C5D7D2962217A170347"
  }, {
    "@type" : "buttonUp",
    "timestamp" : 6126061,
    "button" : "A"
  }, {
    "@type" : "buttonUp",
    "timestamp" : 6143804,
    "button" : "B"
  }, {
    "@type" : "buttonUp",
    "timestamp" : 6200339,
    "button" : "LEFT"
  }, {
    "@type" : "snapshot",
    "timestamp" : 7000000,
    "hash" : "79583FF3B6339799470CBE7A7EF1B38453DFF855"
  }, {
    "@type" : "close",
    "timestamp" : 7394649
  } ]
}