{
  "romHash" : "FACEE9C577A5262DBE33AC4930BB0B58C8C037F7",
  "stimuli" : [ {
    "@type" : "buttonDown",
    "timestamp" : 637017,
    "button" : "START"
  }, {
    "@type" : "buttonUp",
    "timestamp" : 695709,
    "button" : "START"
  }, {
    "@type" : "snapshot",
    "timestamp" : 1000000,
    "hash" : "B33F6B511827623B77AD2909C8C7D99A2C5BA62D"
  }, {
    "@type" : "snapshot",
    "timestamp" : 2000000,
    "hash" : "B33F6B511827623B77AD2909C8C7D99A2C5BA62D"
  }, {
    "@type" : "buttonDown",
    "timestamp" : 2369609,
    "button" : "B"
  }, {
    "@type" : "buttonDown",
    "timestamp" : 2437932,
    "button" : "RIGHT"
  }, {
    "@type" : "snapshot",
    "timestamp" : 3000000,
    "hash" : "4ABC8A070E1A8D546E211FCDACFB96967DCC4729"
  }, {
    "@type" : "buttonDown",
    "timestamp" : 3388860,
    "button" : "LEFT"
  }, {
    "@type" : "buttonUp",
    "timestamp" : 3389532,
    "button" : "B"
  }, {
    "@type" : "buttonUp",
    "timestamp" : 3401269,
    "button" : "RIGHT"
  }, {
    "@type" : "buttonDown",
    "timestamp" : 3513252,
    "button" : "A"
  }, {
    "@type" : "buttonUp",
    "timestamp" : 3596413,
    "button" : "A"
  }, {
    "@type" : "buttonUp",
    "timestamp" : 3607618,
    "button" : "LEFT"
  }, {
    "@type" : "buttonDown",
    "timestamp" : 3749228,
    "button" : "RIGHT"
  }, {
    "@type" : "snapshot",
    "timestamp" : 4000000,
    "hash" : "9011C547EFD35ABDF05D29D43DDD2DFD7952D667"
  }, {
    "@type" : "buttonDown",
    "timestamp" : 4102631,
    "button" : "A"
  }, {
    "@type" : "buttonUp",
    "timestamp" : 4173340,
    "button" : "A"
  }, {
    "@type" : "buttonUp",
    "timestamp" : 4566844,
    "button" : "RIGHT"
  }, {
    "@type" : "snapshot",
    "timestamp" : 5000000,
    "hash" : "C00108F8D0734F02DC03E97ED96A3BE0B46D630C"
  }, {
    "@type" : "close",
    "timestamp" : 5208208
  } ]
}