{
  "romHash" : "FACEE9C577A5262DBE33AC4930BB0B58C8C037F7",
  "stimuli" : [ {
    "@type" : "buttonDown",
    "timestamp" : 599927,
    "button" : "START"
  }, {
    "@type" : "buttonUp",
    "timestamp" : 667191,
    "button" : "START"
  }, {
    "@type" : "snapshot",
    "timestamp" : 1000000,
    "hash" : "B33F6B511827623B77AD2909C8C7D99A2C5BA62D"
  }, {
    "@type" : "snapshot",
    "timestamp" : 2000000,
    "hash" : "B33F6B511827623B77AD2909C8C7D99A2C5BA62D"
  }, {
    "@type" : "buttonDown",
    "timestamp" : 2358781,
    "button" : "B"
  }, {
    "@type" : "buttonDown",
    "timestamp" : 2370417,
    "button" : "RIGHT"
  }, {
    "@type" : "snapshot",
    "timestamp" : 3000000,
    "hash" : "2C0628005234E9B78DE59F8DF5AECB1E463A7DBD"
  }, {
    "@type" : "buttonUp",
    "timestamp" : 3234555,
    "button" : "RIGHT"
  }, {
    "@type" : "buttonUp",
    "timestamp" : 3258756,
    "button" : "B"
  }, {
    "@type" : "buttonDown",
    "timestamp" : 3268355,
    "button" : "LEFT"
  }, {
    "@type" : "buttonUp",
    "timestamp" : 3384010,
    "button" : "LEFT"
  }, {
    "@type" : "buttonDown",
    "timestamp" : 3395455,
    "button" : "A"
  }, {
    "@type" : "buttonUp",
    "timestamp" : 3475438,
    "button" : "A"
  }, {
    "@type" : "buttonDown",
    "timestamp" : 3666595,
    "button" : "RIGHT"
  }, {
    "@type" : "buttonDown",
    "timestamp" : 3753174,
    "button" : "A"
  }, {
    "@type" : "buttonUp",
    "timestamp" : 3780747,
    "button" : "RIGHT"
  }, {
    "@type" : "buttonUp",
    "timestamp" : 3822263,
    "button" : "A"
  }, {
    "@type" : "buttonDown",
    "timestamp" : 3949396,
    "button" : "LEFT"
  }, {
    "@type" : "snapshot",
    "timestamp" : 4000000,
    "hash" : "B674EEDB1C7B4427BCD4ED3B2B763EFFF7ED0E2E"
  }, {
    "@type" : "buttonUp",
    "timestamp" : 4035994,
    "button" : "LEFT"
  }, {
    "@type" : "buttonDown",
    "timestamp" : 4111006,
    "button" : "RIGHT"
  }, {
    "@type" : "buttonUp",
    "timestamp" : 4222954,
    "button" : "RIGHT"
  }, {
    "@type" : "buttonDown",
    "timestamp" : 4265426,
    "button" : "A"
  }, {
    "@type" : "buttonUp",
    "timestamp" : 4359327,
    "button" : "A"
  }, {
    "@type" : "buttonDown",
    "timestamp" : 4537964,
    "button" : "RIGHT"
  }, {
    "@type" : "buttonUp",
    "timestamp" : 4630756,
    "button" : "RIGHT"
  }, {
    "@type" : "buttonDown",
    "timestamp" : 4631087,
    "button" : "A"
  }, {
    "@type" : "buttonUp",
    "timestamp" : 4729444,
    "button" : "A"
  }, {
    "@type" : "buttonDown",
    "timestamp" : 4849998,
    "button" : "RIGHT"
  }, {
    "@type" : "buttonUp",
    "timestamp" : 4936476,
    "button" : "RIGHT"
  }, {
    "@type" : "buttonDown",
    "timestamp" : 4971970,
    "button" : "LEFT"
  }, {
    "@type" : "snapshot",
    "timestamp" : 5000000,
    "hash" : "51BC0B641412C1D2BA818A26FF95A046559D4CAF"
  }, {
    "@type" : "buttonDown",
    "timestamp" : 5040240,
    "button" : "B"
  }, {
    "@type" : "buttonDown",
    "timestamp" : 5101563,
    "button" : "A"
  }, {
    "@type" : "buttonUp",
    "timestamp" : 5312690,
    "button" : "A"
  }, {
    "@type" : "snapshot",
    "timestamp" : 6000000,
    "hash" : "4E1CEDA402645409820C861213E1B8C859F4AC6A"
  }, {
    "@type" : "buttonUp",
    "timestamp" : 6182077,
    "button" : "LEFT"
  }, {
    "@type" : "buttonDown",
    "timestamp" : 6196082,
    "button" : "A"
  }, {
    "@type" : "buttonUp",
    "timestamp" : 6309463,
    "button" : "A"
  }, {
    "@type" : "buttonDown",
    "timestamp" : 6333954,
    "button" : "RIGHT"
  }, {
    "@type" : "buttonDown",
    "timestamp" : 6871659,
    "button" : "A"
  }, {
    "@type" : "buttonUp",
    "timestamp" : 6975196,
    "button" : "A"
  }, {
    "@type" : "snapshot",
    "timestamp" : 7000000,
    "hash" : "D42217D9F88D3343C42B006D595D4F452E646447"
  }, {
    "@type" : "buttonUp",
    "timestamp" : 7009416,
    "button" : "RIGHT"
  }, {
    "@type" : "buttonDown",
    "timestamp" : 7131118,
    "button" : "RIGHT"
  }, {
    "@type" : "buttonDown",
    "timestamp" : 7443200,
    "button" : "A"
  }, {
    "@type" : "buttonUp",
    "timestamp" : 7616673,
    "button" : "A"
  }, {
    "@type" : "buttonDown",
    "timestamp" : 7819244,
    "button" : "A"
  }, {
    "@type" : "snapshot",
    "timestamp" : 8000000,
    "hash" : "1E698F4FED388C6FCF6E8C40022F40442C050747"
  }, {
    "@type" : "buttonUp",
    "timestamp" : 8021163,
    "button" : "A"
  }, {
    "@type" : "buttonDown",
    "timestamp" : 8280155,
    "button" : "A"
  }, {
    "@type" : "buttonUp",
    "timestamp" : 8728886,
    "button" : "A"
  }, {
    "@type" : "buttonDown",
    "timestamp" : 8993775,
    "button" : "A"
  }, {
    "@type" : "snapshot",
    "timestamp" : 9000000,
    "hash" : "0A1BF3DAC5979F725C6DB9FADAC407AA864B2AE3"
  }, {
    "@type" : "buttonUp",
    "timestamp" : 9287975,
    "button" : "A"
  }, {
    "@type" : "buttonUp",
    "timestamp" : 9460913,
    "button" : "RIGHT"
  }, {
    "@type" : "buttonUp",
    "timestamp" : 9474693,
    "button" : "B"
  }, {
    "@type" : "buttonDown",
    "timestamp" : 9478361,
    "button" : "DOWN"
  }, {
    "@type" : "buttonUp",
    "timestamp" : 9570396,
    "button" : "DOWN"
  }, {
    "@type" : "snapshot",
    "timestamp" : 10000000,
    "hash" : "8C63A5C4DCBC775CF0FC243AED2CD51A63ECF0B2"
  }, {
    "@type" : "snapshot",
    "timestamp" : 11000000,
    "hash" : "133C3A3F1BD39E841553E1A0F91E0C27E6CAFE8E"
  }, {
    "@type" : "close",
    "timestamp" : 11023727
  } ]
}