{
  "romHash" : "FACEE9C577A5262DBE33AC4930BB0B58C8C037F7",
  "stimuli" : [ {
    "@type" : "buttonDown",
    "timestamp" : 724464,
    "button" : "START"
  }, {
    "@type" : "buttonUp",
    "timestamp" : 808115,
    "button" : "START"
  }, {
    "@type" : "snapshot",
    "timestamp" : 1000000,
    "hash" : "B33F6B511827623B77AD2909C8C7D99A2C5BA62D"
  }, {
    "@type" : "snapshot",
    "timestamp" : 2000000,
    "hash" : "B33F6B511827623B77AD2909C8C7D99A2C5BA62D"
  }, {
    "@type" : "buttonDown",
    "timestamp" : 2428132,
    "button" : "B"
  }, {
    "@type" : "buttonDown",
    "timestamp" : 2463601,
    "button" : "RIGHT"
  }, {
    "@type" : "snapshot",
    "timestamp" : 3000000,
    "hash" : "4709BA2B0685A443628112DCF83717382BE66F95"
  }, {
    "@type" : "buttonUp",
    "timestamp" : 3399197,
    "button" : "RIGHT"
  }, {
    "@type" : "buttonDown",
    "timestamp" : 3409400,
    "button" : "LEFT"
  }, {
    "@type" : "buttonUp",
    "timestamp" : 3417730,
    "button" : "B"
  }, {
    "@type" : "buttonDown",
    "timestamp" : 3577410,
    "button" : "A"
  }, {
    "@type" : "buttonUp",
    "timestamp" : 3577411,
    "button" : "LEFT"
  }, {
    "@type" : "buttonUp",
    "timestamp" : 3654023,
    "button" : "A"
  }, {
    "@type" : "buttonDown",
    "timestamp" : 3841106,
    "button" : "RIGHT"
  }, {
    "@type" : "buttonDown",
    "timestamp" : 3844062,
    "button" : "B"
  }, {
    "@type" : "buttonDown",
    "timestamp" : 3900262,
    "button" : "A"
  }, {
    "@type" : "buttonUp",
    "timestamp" : 3945229,
    "button" : "RIGHT"
  }, {
    "@type" : "buttonUp",
    "timestamp" : 3987609,
    "button" : "A"
  }, {
    "@type" : "snapshot",
    "timestamp" : 4000000,
    "hash" : "46693C19055B28D5CA18871C33676D2ECBD968AF"
  }, {
    "@type" : "buttonUp",
    "timestamp" : 4000202,
    "button" : "B"
  }, {
    "@type" : "buttonDown",
    "timestamp" : 4094218,
    "button" : "LEFT"
  }, {
    "@type" : "buttonUp",
    "timestamp" : 4200362,
    "button" : "LEFT"
  }, {
    "@type" : "buttonDown",
    "timestamp" : 4277033,
    "button" : "RIGHT"
  }, {
    "@type" : "buttonDown",
    "timestamp" : 4359802,
    "button" : "B"
  }, {
    "@type" : "buttonUp",
    "timestamp" : 4493476,
    "button" : "RIGHT"
  }, {
    "@type" : "buttonDown",
    "timestamp" : 4506895,
    "button" : "A"
  }, {
    "@type" : "buttonDown",
    "timestamp" : 4507412,
    "button" : "LEFT"
  }, {
    "@type" : "buttonUp",
    "timestamp" : 4580760,
    "button" : "A"
  }, {
    "@type" : "buttonUp",
    "timestamp" : 4609694,
    "button" : "B"
  }, {
    "@type" : "buttonUp",
    "timestamp" : 4635452,
    "button" : "LEFT"
  }, {
    "@type" : "buttonDown",
    "timestamp" : 4794696,
    "button" : "RIGHT"
  }, {
    "@type" : "buttonDown",
    "timestamp" : 4841368,
    "button" : "A"
  }, {
    "@type" : "buttonUp",
    "timestamp" : 4882589,
    "button" : "RIGHT"
  }, {
    "@type" : "buttonUp",
    "timestamp" : 4906771,
    "button" : "A"
  }, {
    "@type" : "snapshot",
    "timestamp" : 5000000,
    "hash" : "41073E6A1F1CD1464B00266923A9DF5A6551FEF7"
  }, {
    "@type" : "buttonDown",
    "timestamp" : 5023180,
    "button" : "RIGHT"
  }, {
    "@type" : "buttonUp",
    "timestamp" : 5181573,
    "button" : "RIGHT"
  }, {
    "@type" : "buttonDown",
    "timestamp" : 5193345,
    "button" : "LEFT"
  }, {
    "@type" : "buttonDown",
    "timestamp" : 5303953,
    "button" : "B"
  }, {
    "@type" : "buttonDown",
    "timestamp" : 5351687,
    "button" : "A"
  }, {
    "@type" : "buttonUp",
    "timestamp" : 5606696,
    "button" : "A"
  }, {
    "@type" : "snapshot",
    "timestamp" : 6000000,
    "hash" : "1880F5C3A3E2A558E1D188B0F65F771A22E369C6"
  }, {
    "@type" : "buttonDown",
    "timestamp" : 6496549,
    "button" : "A"
  }, {
    "@type" : "buttonUp",
    "timestamp" : 6496550,
    "button" : "LEFT"
  }, {
    "@type" : "buttonDown",
    "timestamp" : 6510229,
    "button" : "RIGHT"
  }, {
    "@type" : "buttonUp",
    "timestamp" : 6569681,
    "button" : "A"
  }, {
    "@type" : "buttonUp",
    "timestamp" : 6576342,
    "button" : "RIGHT"
  }, {
    "@type" : "buttonDown",
    "timestamp" : 6660354,
    "button" : "RIGHT"
  }, {
    "@type" : "snapshot",
    "timestamp" : 7000000,
    "hash" : "5A9588055E33C26A96C9CA70371164419383CF38"
  }, {
    "@type" : "buttonDown",
    "timestamp" : 7138257,
    "button" : "A"
  }, {
    "@type" : "buttonUp",
    "timestamp" : 7244273,
    "button" : "A"
  }, {
    "@type" : "buttonDown",
    "timestamp" : 7768795,
    "button" : "A"
  }, {
    "@type" : "buttonUp",
    "timestamp" : 7923041,
    "button" : "A"
  }, {
    "@type" : "snapshot",
    "timestamp" : 8000000,
    "hash" : "626F57783DA31CD13E3F31BAB9B870ECE0C25138"
  }, {
    "@type" : "buttonDown",
    "timestamp" : 8138634,
    "button" : "A"
  }, {
    "@type" : "buttonUp",
    "timestamp" : 8375223,
    "button" : "A"
  }, {
    "@type" : "buttonDown",
    "timestamp" : 8625566,
    "button" : "A"
  }, {
    "@type" : "snapshot",
    "timestamp" : 9000000,
    "hash" : "7312D6CF77F86810927F945758F094E6F21D2597"
  }, {
    "@type" : "buttonUp",
    "timestamp" : 9136729,
    "button" : "A"
  }, {
    "@type" : "buttonUp",
    "timestamp" : 9176940,
    "button" : "RIGHT"
  }, {
    "@type" : "buttonUp",
    "timestamp" : 9216980,
    "button" : "B"
  }, {
    "@type" : "buttonDown",
    "timestamp" : 9245810,
    "button" : "DOWN"
  }, {
    "@type" : "buttonUp",
    "timestamp" : 9339701,
    "button" : "DOWN"
  }, {
    "@type" : "snapshot",
    "timestamp" : 10000000,
    "hash" : "74B68F5260662B870BB9F9DE3109EE03AB33AB1E"
  }, {
    "@type" : "close",
    "timestamp" : 10996434
  } ]
}