{
  "romHash" : "FACEE9C577A5262DBE33AC4930BB0B58C8C037F7",
  "stimuli" : [ {
    "@type" : "snapshot",
    "timestamp" : 0,
    "hash" : "64646545171A7F81DFCD027089D1F38A7F81B82B"
  }, {
    "@type" : "buttonDown",
    "timestamp" : 892669,
    "button" : "START"
  }, {
    "@type" : "buttonUp",
    "timestamp" : 973541,
    "button" : "START"
  }, {
    "@type" : "snapshot",
    "timestamp" : 1000000,
    "hash" : "8C63A5C4DCBC775CF0FC243AED2CD51A63ECF0B2"
  }, {
    "@type" : "snapshot",
    "timestamp" : 2000000,
    "hash" : "B33F6B511827623B77AD2909C8C7D99A2C5BA62D"
  }, {
    "@type" : "buttonDown",
    "timestamp" : 2263950,
    "button" : "B"
  }, {
    "@type" : "buttonDown",
    "timestamp" : 2540799,
    "button" : "RIGHT"
  }, {
    "@type" : "snapshot",
    "timestamp" : 3000000,
    "hash" : "1A1ECCBBD738A983184758B57DA4585E131EB117"
  }, {
    "@type" : "buttonUp",
    "timestamp" : 3472236,
    "button" : "RIGHT"
  }, {
    "@type" : "buttonUp",
    "timestamp" : 3474369,
    "button" : "B"
  }, {
    "@type" : "buttonDown",
    "timestamp" : 3491078,
    "button" : "LEFT"
  }, {
    "@type" : "buttonUp",
    "timestamp" : 3666331,
    "button" : "LEFT"
  }, {
    "@type" : "snapshot",
    "timestamp" : 4000000,
    "hash" : "0113A1DE0CBCCBEF9C48B851B9606D21F121927B"
  }, {
    "@type" : "buttonDown",
    "timestamp" : 4679357,
    "button" : "A"
  }, {
    "@type" : "buttonUp",
    "timestamp" : 4739341,
    "button" : "A"
  }, {
    "@type" : "snapshot",
    "timestamp" : 5000000,
    "hash" : "D0D566EB8E8985F841C4B2B69D8ACA629316081E"
  }, {
    "@type" : "buttonDown",
    "timestamp" : 5026202,
    "button" : "RIGHT"
  }, {
    "@type" : "buttonUp",
    "timestamp" : 5149899,
    "button" : "RIGHT"
  }, {
    "@type" : "snapshot",
    "timestamp" : 6000000,
    "hash" : "BF9D666A3CA5C056C5495946C0B125C7E23F4340"
  }, {
    "@type" : "close",
    "timestamp" : 6738754
  } ]
}