{
  "romHash" : "FACEE9C577A5262DBE33AC4930BB0B58C8C037F7",
  "stimuli" : [ {
    "@type" : "buttonDown",
    "timestamp" : 599927,
    "button" : "START"
  }, {
    "@type" : "buttonUp",
    "timestamp" : 667191,
    "button" : "START"
  }, {
    "@type" : "snapshot",
    "timestamp" : 1000000,
    "hash" : "0A8C827161AA591F1EBC0BF3AD256D46FB3A9632"
  }, {
    "@type" : "snapshot",
    "timestamp" : 2000000,
    "hash" : "0A8C827161AA591F1EBC0BF3AD256D46FB3A9632"
  }, {
    "@type" : "buttonDown",
    "timestamp" : 2358781,
    "button" : "B"
  }, {
    "@type" : "buttonDown",
    "timestamp" : 2370417,
    "button" : "RIGHT"
  }, {
    "@type" : "snapshot",
    "timestamp" : 3000000,
    "hash" : "FE6601649AE541BB3AC347560C9780AF3D864DC6"
  }, {
    "@type" : "buttonUp",
    "timestamp" : 3234555,
    "button" : "RIGHT"
  }, {
    "@type" : "buttonUp",
    "timestamp" : 3258756,
    "button" : "B"
  }, {
    "@type" : "buttonDown",
    "timestamp" : 3268355,
    "button" : "LEFT"
  }, {
    "@type" : "buttonUp",
    "timestamp" : 3384010,
    "button" : "LEFT"
  }, {
    "@type" : "buttonDown",
    "timestamp" : 3395455,
    "button" : "A"
  }, {
    "@type" : "buttonUp",
    "timestamp" : 3475438,
    "button" : "A"
  }, {
    "@type" : "buttonDown",
    "timestamp" : 3666595,
    "button" : "RIGHT"
  }, {
    "@type" : "buttonDown",
    "timestamp" : 3753174,
    "button" : "A"
  }, {
    "@type" : "buttonUp",
    "timestamp" : 3780747,
    "button" : "RIGHT"
  }, {
    "@type" : "buttonUp",
    "timestamp" : 3822263,
    "button" : "A"
  }, {
    "@type" : "buttonDown",
    "timestamp" : 3949396,
    "button" : "LEFT"
  }, {
    "@type" : "snapshot",
    "timestamp" : 4000000,
    "hash" : "C7691DF5B9727E39B584D78E3DED1540E1405F36"
  }, {
    "@type" : "buttonUp",
    "timestamp" : 4035994,
    "button" : "LEFT"
  }, {
    "@type" : "buttonDown",
    "timestamp" : 4111006,
    "button" : "RIGHT"
  }, {
    "@type" : "buttonUp",
    "timestamp" : 4222954,
    "button" : "RIGHT"
  }, {
    "@type" : "buttonDown",
    "timestamp" : 4265426,
    "button" : "A"
  }, {
    "@type" : "buttonUp",
    "timestamp" : 4359327,
    "button" : "A"
  }, {
    "@type" : "buttonDown",
    "timestamp" : 4537964,
    "button" : "RIGHT"
  }, {
    "@type" : "buttonUp",
    "timestamp" : 4630756,
    "button" : "RIGHT"
  }, {
    "@type" : "buttonDown",
    "timestamp" : 4631087,
    "button" : "A"
  }, {
    "@type" : "buttonUp",
    "timestamp" : 4729444,
    "button" : "A"
  }, {
    "@type" : "buttonDown",
    "timestamp" : 4849998,
    "button" : "RIGHT"
  }, {
    "@type" : "buttonUp",
    "timestamp" : 4936476,
    "button" : "RIGHT"
  }, {
    "@type" : "buttonDown",
    "timestamp" : 4971970,
    "button" : "LEFT"
  }, {
    "@type" : "snapshot",
    "timestamp" : 5000000,
    "hash" : "D08CE300931D2C0F866BA7652843F5C246916D99"
  }, {
    "@type" : "buttonDown",
    "timestamp" : 5040240,
    "button" : "B"
  }, {
    "@type" : "buttonDown",
    "timestamp" : 5101563,
    "button" : "A"
  }, {
    "@type" : "buttonUp",
    "timestamp" : 5312690,
    "button" : "A"
  }, {
    "@type" : "snapshot",
    "timestamp" : 6000000,
    "hash" : "ECDA35D9F193B10211C0F758F21C444113C139C9"
  }, {
    "@type" : "buttonUp",
    "timestamp" : 6182077,
    "button" : "LEFT"
  }, {
    "@type" : "buttonDown",
    "timestamp" : 6196082,
    "button" : "A"
  }, {
    "@type" : "buttonUp",
    "timestamp" : 6309463,
    "button" : "A"
  }, {
    "@type" : "buttonDown",
    "timestamp" : 6333954,
    "button" : "RIGHT"
  }, {
    "@type" : "buttonDown",
    "timestamp" : 6871659,
    "button" : "A"
  }, {
    "@type" : "buttonUp",
    "timestamp" : 6975196,
    "button" : "A"
  }, {
    "@type" : "snapshot",
    "timestamp" : 7000000,
    "hash" : "1011E549C1E38B2E692C5E7328284D58AAB36274"
  }, {
    "@type" : "buttonUp",
    "timestamp" : 7009416,
    "button" : "RIGHT"
  }, {
    "@type" : "buttonDown",
    "timestamp" : 7131118,
    "button" : "RIGHT"
  }, {
    "@type" : "buttonDown",
    "timestamp" : 7443200,
    "button" : "A"
  }, {
    "@type" : "buttonUp",
    "timestamp" : 7616673,
    "button" : "A"
  }, {
    "@type" : "buttonDown",
    "timestamp" : 7819244,
    "button" : "A"
  }, {
    "@type" : "snapshot",
    "timestamp" : 8000000,
    "hash" : "AF4DC1025C55E2345EF1CDD0509D4EA37DE09331"
  }, {
    "@type" : "buttonUp",
    "timestamp" : 8021163,
    "button" : "A"
  }, {
    "@type" : "buttonDown",
    "timestamp" : 8280155,
    "button" : "A"
  }, {
    "@type" : "buttonUp",
    "timestamp" : 8728886,
    "button" : "A"
  }, {
    "@type" : "buttonDown",
    "timestamp" : 8993775,
    "button" : "A"
  }, {
    "@type" : "snapshot",
    "timestamp" : 9000000,
    "hash" : "0E5169169B3F8FE6E1C7B373C154FECD27A0BB18"
  }, {
    "@type" : "buttonUp",
    "timestamp" : 9287975,
    "button" : "A"
  }, {
    "@type" : "buttonUp",
    "timestamp" : 9460913,
    "button" : "RIGHT"
  }, {
    "@type" : "buttonUp",
    "timestamp" : 9474693,
    "button" : "B"
  }, {
    "@type" : "buttonDown",
    "timestamp" : 9478361,
    "button" : "DOWN"
  }, {
    "@type" : "buttonUp",
    "timestamp" : 9570396,
    "button" : "DOWN"
  }, {
    "@type" : "snapshot",
    "timestamp" : 10000000,
    "hash" : "8C63A5C4DCBC775CF0FC243AED2CD51A63ECF0B2"
  }, {
    "@type" : "snapshot",
    "timestamp" : 11000000,
    "hash" : "9A89CA2F236E04D349F2728172CA4893FB9667EB"
  }, {
    "@type" : "close",
    "timestamp" : 11023727
  } ]
}