{
  "romHash" : "B74802F946D99A83E8E223B6F987E6482A8EC41D",
  "stimuli" : [ {
    "@type" : "snapshot",
    "timestamp" : 1000000,
    "hash" : "005978DED52C0F69908EC00DD353445241FD1227"
  }, {
    "@type" : "snapshot",
    "timestamp" : 2000000,
    "hash" : "005978DED52C0F69908EC00DD353445241FD1227"
  }, {
    "@type" : "snapshot",
    "timestamp" : 3000000,
    "hash" : "8C63A5C4DCBC775CF0FC243AED2CD51A63ECF0B2"
  }, {
    "@type" : "buttonDown",
    "timestamp" : 3557268,
    "button" : "START"
  }, {
    "@type" : "buttonUp",
    "timestamp" : 3611958,
    "button" : "START"
  }, {
    "@type" : "snapshot",
    "timestamp" : 4000000,
    "hash" : "F3B60E6DE0EFD4697F984E835A609597CA2A3168"
  }, {
    "@type" : "buttonDown",
    "timestamp" : 4231320,
    "button" : "A"
  }, {
    "@type" : "buttonUp",
    "timestamp" : 4319178,
    "button" : "A"
  }, {
    "@type" : "snapshot",
    "timestamp" : 5000000,
    "hash" : "F3B60E6DE0EFD4697F984E835A609597CA2A3168"
  }, {
    "@type" : "buttonDown",
    "timestamp" : 5837990,
    "button" : "START"
  }, {
    "@type" : "buttonUp",
    "timestamp" : 5886466,
    "button" : "START"
  }, {
    "@type" : "snapshot",
    "timestamp" : 6000000,
    "hash" : "8C63A5C4DCBC775CF0FC243AED2CD51A63ECF0B2"
  }, {
    "@type" : "buttonDown",
    "timestamp" : 6632603,
    "button" : "START"
  }, {
    "@type" : "buttonUp",
    "timestamp" : 6708253,
    "button" : "START"
  }, {
    "@type" : "snapshot",
    "timestamp" : 7000000,
    "hash" : "1C559C9112BB6C9C64BE081EFF73E9F538A0BAA4"
  }, {
    "@type" : "buttonDown",
    "timestamp" : 7470113,
    "button" : "START"
  }, {
    "@type" : "buttonUp",
    "timestamp" : 7543305,
    "button" : "START"
  }, {
    "@type" : "snapshot",
    "timestamp" : 8000000,
    "hash" : "06E08D2C4ED85B4ED8BBFD2BD42DD3C3266A8C04"
  }, {
    "@type" : "snapshot",
    "timestamp" : 9000000,
    "hash" : "06E08D2C4ED85B4ED8BBFD2BD42DD3C3266A8C04"
  }, {
    "@type" : "snapshot",
    "timestamp" : 10000000,
    "hash" : "06E08D2C4ED85B4ED8BBFD2BD42DD3C3266A8C04"
  }, {
    "@type" : "buttonDown",
    "timestamp" : 10118324,
    "button" : "START"
  }, {
    "@type" : "buttonUp",
    "timestamp" : 10180977,
    "button" : "START"
  }, {
    "@type" : "snapshot",
    "timestamp" : 11000000,
    "hash" : "949F14D8E923C03633184C1CCEF4C0CD68E25747"
  }, {
    "@type" : "snapshot",
    "timestamp" : 12000000,
    "hash" : "3D06B9B99416520336D6BBD40CAF7FEAD3F5F21D"
  }, {
    "@type" : "buttonDown",
    "timestamp" : 12591956,
    "button" : "LEFT"
  }, {
    "@type" : "buttonUp",
    "timestamp" : 12744621,
    "button" : "LEFT"
  }, {
    "@type" : "snapshot",
    "timestamp" : 13000000,
    "hash" : "48E92B8ADD11D7262DD813B93F5FE7F7660A415A"
  }, {
    "@type" : "buttonDown",
    "timestamp" : 13924655,
    "button" : "LEFT"
  }, {
    "@type" : "snapshot",
    "timestamp" : 14000000,
    "hash" : "7F6C51C9FE6C2F966F9F7993E27330B7E3802256"
  }, {
    "@type" : "buttonUp",
    "timestamp" : 14199975,
    "button" : "LEFT"
  }, {
    "@type" : "buttonDown",
    "timestamp" : 14307166,
    "button" : "LEFT"
  }, {
    "@type" : "buttonUp",
    "timestamp" : 14510640,
    "button" : "LEFT"
  }, {
    "@type" : "snapshot",
    "timestamp" : 15000000,
    "hash" : "60410D6DA6383C5BF77D281F9EF9488570BB1A1C"
  }, {
    "@type" : "buttonDown",
    "timestamp" : 15141209,
    "button" : "RIGHT"
  }, {
    "@type" : "buttonUp",
    "timestamp" : 15188611,
    "button" : "RIGHT"
  }, {
    "@type" : "buttonDown",
    "timestamp" : 15520891,
    "button" : "RIGHT"
  }, {
    "@type" : "buttonUp",
    "timestamp" : 15633116,
    "button" : "RIGHT"
  }, {
    "@type" : "buttonDown",
    "timestamp" : 15799304,
    "button" : "LEFT"
  }, {
    "@type" : "buttonUp",
    "timestamp" : 15878509,
    "button" : "LEFT"
  }, {
    "@type" : "buttonDown",
    "timestamp" : 15945706,
    "button" : "UP"
  }, {
    "@type" : "snapshot",
    "timestamp" : 16000000,
    "hash" : "4846EB464AA50EF5BC066C8EB435E62034C95BF2"
  }, {
    "@type" : "buttonUp",
    "timestamp" : 16093391,
    "button" : "UP"
  }, {
    "@type" : "buttonDown",
    "timestamp" : 16379129,
    "button" : "A"
  }, {
    "@type" : "buttonUp",
    "timestamp" : 16429012,
    "button" : "A"
  }, {
    "@type" : "buttonDown",
    "timestamp" : 16481326,
    "button" : "A"
  }, {
    "@type" : "buttonUp",
    "timestamp" : 16531424,
    "button" : "A"
  }, {
    "@type" : "buttonDown",
    "timestamp" : 16566669,
    "button" : "A"
  }, {
    "@type" : "buttonUp",
    "timestamp" : 16617977,
    "button" : "A"
  }, {
    "@type" : "buttonDown",
    "timestamp" : 16670105,
    "button" : "A"
  }, {
    "@type" : "buttonUp",
    "timestamp" : 16707904,
    "button" : "A"
  }, {
    "@type" : "buttonDown",
    "timestamp" : 16765907,
    "button" : "A"
  }, {
    "@type" : "buttonUp",
    "timestamp" : 16809400,
    "button" : "A"
  }, {
    "@type" : "buttonDown",
    "timestamp" : 16816883,
    "button" : "DOWN"
  }, {
    "@type" : "buttonDown",
    "timestamp" : 16848163,
    "button" : "A"
  }, {
    "@type" : "buttonUp",
    "timestamp" : 16872504,
    "button" : "A"
  }, {
    "@type" : "buttonUp",
    "timestamp" : 16893050,
    "button" : "DOWN"
  }, {
    "@type" : "buttonDown",
    "timestamp" : 16935898,
    "button" : "A"
  }, {
    "@type" : "buttonUp",
    "timestamp" : 16977936,
    "button" : "A"
  }, {
    "@type" : "snapshot",
    "timestamp" : 17000000,
    "hash" : "CC2534A5A242DF52AC706F6579C7AEFE4AF20B1B"
  }, {
    "@type" : "buttonDown",
    "timestamp" : 17034841,
    "button" : "A"
  }, {
    "@type" : "buttonUp",
    "timestamp" : 17072291,
    "button" : "A"
  }, {
    "@type" : "buttonDown",
    "timestamp" : 17109280,
    "button" : "RIGHT"
  }, {
    "@type" : "buttonDown",
    "timestamp" : 17130138,
    "button" : "A"
  }, {
    "@type" : "buttonUp",
    "timestamp" : 17165181,
    "button" : "A"
  }, {
    "@type" : "buttonDown",
    "timestamp" : 17235235,
    "button" : "A"
  }, {
    "@type" : "buttonUp",
    "timestamp" : 17251622,
    "button" : "A"
  }, {
    "@type" : "buttonDown",
    "timestamp" : 17317480,
    "button" : "A"
  }, {
    "@type" : "buttonUp",
    "timestamp" : 17346332,
    "button" : "A"
  }, {
    "@type" : "buttonDown",
    "timestamp" : 17393614,
    "button" : "A"
  }, {
    "@type" : "buttonUp",
    "timestamp" : 17424277,
    "button" : "RIGHT"
  }, {
    "@type" : "buttonUp",
    "timestamp" : 17436007,
    "button" : "A"
  }, {
    "@type" : "snapshot",
    "timestamp" : 18000000,
    "hash" : "962B61C75843A8AA8A9A79FB4B789FE7687119A9"
  }, {
    "@type" : "close",
    "timestamp" : 18012541
  } ]
}