{
  "romHash" : "B74802F946D99A83E8E223B6F987E6482A8EC41D",
  "stimuli" : [ {
    "@type" : "snapshot",
    "timestamp" : 1000000,
    "hash" : "EED658F245DB5C98F2BA43EFEE6867C71B04200B"
  }, {
    "@type" : "snapshot",
    "timestamp" : 2000000,
    "hash" : "EED658F245DB5C98F2BA43EFEE6867C71B04200B"
  }, {
    "@type" : "snapshot",
    "timestamp" : 3000000,
    "hash" : "8C63A5C4DCBC775CF0FC243AED2CD51A63ECF0B2"
  }, {
    "@type" : "snapshot",
    "timestamp" : 4000000,
    "hash" : "B0BD74C190CEEE427C326D97FF71AEEC523C15C5"
  }, {
    "@type" : "snapshot",
    "timestamp" : 5000000,
    "hash" : "B0BD74C190CEEE427C326D97FF71AEEC523C15C5"
  }, {
    "@type" : "buttonDown",
    "timestamp" : 5744078,
    "button" : "START"
  }, {
    "@type" : "buttonUp",
    "timestamp" : 5799229,
    "button" : "START"
  }, {
    "@type" : "snapshot",
    "timestamp" : 6000000,
    "hash" : "8C63A5C4DCBC775CF0FC243AED2CD51A63ECF0B2"
  }, {
    "@type" : "buttonDown",
    "timestamp" : 6640051,
    "button" : "START"
  }, {
    "@type" : "buttonUp",
    "timestamp" : 6700843,
    "button" : "START"
  }, {
    "@type" : "snapshot",
    "timestamp" : 7000000,
    "hash" : "8C63A5C4DCBC775CF0FC243AED2CD51A63ECF0B2"
  }, {
    "@type" : "snapshot",
    "timestamp" : 8000000,
    "hash" : "21F9E423FE3E87705E5B530F8AEB81A0B85C60A9"
  }, {
    "@type" : "snapshot",
    "timestamp" : 9000000,
    "hash" : "21F9E423FE3E87705E5B530F8AEB81A0B85C60A9"
  }, {
    "@type" : "buttonDown",
    "timestamp" : 9605811,
    "button" : "A"
  }, {
    "@type" : "buttonUp",
    "timestamp" : 9701996,
    "button" : "A"
  }, {
    "@type" : "snapshot",
    "timestamp" : 10000000,
    "hash" : "8C63A5C4DCBC775CF0FC243AED2CD51A63ECF0B2"
  }, {
    "@type" : "snapshot",
    "timestamp" : 11000000,
    "hash" : "EC08E254480653BFA46CFBEF4F41E7790471AE5B"
  }, {
    "@type" : "snapshot",
    "timestamp" : 12000000,
    "hash" : "207B3272173E160B95130CC3974F72921038C2E6"
  }, {
    "@type" : "snapshot",
    "timestamp" : 13000000,
    "hash" : "BA7E73EB3B3ED3E279142D4165670BB675CCD370"
  }, {
    "@type" : "buttonDown",
    "timestamp" : 13641943,
    "button" : "LEFT"
  }, {
    "@type" : "snapshot",
    "timestamp" : 14000000,
    "hash" : "F5812338CD9D124DEF3F1841FD3245866B254FC4"
  }, {
    "@type" : "buttonUp",
    "timestamp" : 14023343,
    "button" : "LEFT"
  }, {
    "@type" : "buttonDown",
    "timestamp" : 14131196,
    "button" : "RIGHT"
  }, {
    "@type" : "buttonUp",
    "timestamp" : 14216210,
    "button" : "RIGHT"
  }, {
    "@type" : "buttonDown",
    "timestamp" : 14810432,
    "button" : "RIGHT"
  }, {
    "@type" : "buttonUp",
    "timestamp" : 14996760,
    "button" : "RIGHT"
  }, {
    "@type" : "snapshot",
    "timestamp" : 15000000,
    "hash" : "C168B009C532F4040826FF165B58D1F443D05BEC"
  }, {
    "@type" : "buttonDown",
    "timestamp" : 15395714,
    "button" : "LEFT"
  }, {
    "@type" : "buttonUp",
    "timestamp" : 15510682,
    "button" : "LEFT"
  }, {
    "@type" : "buttonDown",
    "timestamp" : 15710235,
    "button" : "LEFT"
  }, {
    "@type" : "buttonUp",
    "timestamp" : 15767353,
    "button" : "LEFT"
  }, {
    "@type" : "snapshot",
    "timestamp" : 16000000,
    "hash" : "8ED5ADD3C1600EE17B3277F25A6AFDADCEFFE9E5"
  }, {
    "@type" : "buttonDown",
    "timestamp" : 16104101,
    "button" : "A"
  }, {
    "@type" : "buttonUp",
    "timestamp" : 16162979,
    "button" : "A"
  }, {
    "@type" : "buttonDown",
    "timestamp" : 16216679,
    "button" : "A"
  }, {
    "@type" : "buttonUp",
    "timestamp" : 16282281,
    "button" : "A"
  }, {
    "@type" : "buttonDown",
    "timestamp" : 16330441,
    "button" : "A"
  }, {
    "@type" : "buttonUp",
    "timestamp" : 16383826,
    "button" : "A"
  }, {
    "@type" : "buttonDown",
    "timestamp" : 16432512,
    "button" : "A"
  }, {
    "@type" : "buttonUp",
    "timestamp" : 16485751,
    "button" : "A"
  }, {
    "@type" : "buttonDown",
    "timestamp" : 16539569,
    "button" : "A"
  }, {
    "@type" : "buttonDown",
    "timestamp" : 16545546,
    "button" : "LEFT"
  }, {
    "@type" : "buttonUp",
    "timestamp" : 16588442,
    "button" : "LEFT"
  }, {
    "@type" : "buttonUp",
    "timestamp" : 16596930,
    "button" : "A"
  }, {
    "@type" : "buttonDown",
    "timestamp" : 16646624,
    "button" : "A"
  }, {
    "@type" : "buttonUp",
    "timestamp" : 16701168,
    "button" : "A"
  }, {
    "@type" : "buttonDown",
    "timestamp" : 16719023,
    "button" : "LEFT"
  }, {
    "@type" : "buttonDown",
    "timestamp" : 16756717,
    "button" : "A"
  }, {
    "@type" : "buttonUp",
    "timestamp" : 16802537,
    "button" : "LEFT"
  }, {
    "@type" : "buttonUp",
    "timestamp" : 16808379,
    "button" : "A"
  }, {
    "@type" : "buttonDown",
    "timestamp" : 16868037,
    "button" : "A"
  }, {
    "@type" : "buttonUp",
    "timestamp" : 16928104,
    "button" : "A"
  }, {
    "@type" : "buttonDown",
    "timestamp" : 16986181,
    "button" : "A"
  }, {
    "@type" : "snapshot",
    "timestamp" : 17000000,
    "hash" : "F5C173A6FB5DD6A232A0BA77C7B0BBB71C81EAAD"
  }, {
    "@type" : "buttonUp",
    "timestamp" : 17046495,
    "button" : "A"
  }, {
    "@type" : "buttonDown",
    "timestamp" : 17082981,
    "button" : "A"
  }, {
    "@type" : "buttonUp",
    "timestamp" : 17148623,
    "button" : "A"
  }, {
    "@type" : "buttonDown",
    "timestamp" : 17192540,
    "button" : "A"
  }, {
    "@type" : "buttonDown",
    "timestamp" : 17201551,
    "button" : "RIGHT"
  }, {
    "@type" : "buttonUp",
    "timestamp" : 17268260,
    "button" : "A"
  }, {
    "@type" : "buttonDown",
    "timestamp" : 17274198,
    "button" : "A"
  }, {
    "@type" : "buttonUp",
    "timestamp" : 17388471,
    "button" : "A"
  }, {
    "@type" : "buttonUp",
    "timestamp" : 17448447,
    "button" : "RIGHT"
  }, {
    "@type" : "close",
    "timestamp" : 17980238
  } ]
}