{
  "romHash" : "B74802F946D99A83E8E223B6F987E6482A8EC41D",
  "stimuli" : [ {
    "@type" : "snapshot",
    "timestamp" : 1000000,
    "hash" : "EED658F245DB5C98F2BA43EFEE6867C71B04200B"
  }, {
    "@type" : "snapshot",
    "timestamp" : 2000000,
    "hash" : "EED658F245DB5C98F2BA43EFEE6867C71B04200B"
  }, {
    "@type" : "snapshot",
    "timestamp" : 3000000,
    "hash" : "8C63A5C4DCBC775CF0FC243AED2CD51A63ECF0B2"
  }, {
    "@type" : "buttonDown",
    "timestamp" : 3557268,
    "button" : "START"
  }, {
    "@type" : "buttonUp",
    "timestamp" : 3611958,
    "button" : "START"
  }, {
    "@type" : "snapshot",
    "timestamp" : 4000000,
    "hash" : "B0BD74C190CEEE427C326D97FF71AEEC523C15C5"
  }, {
    "@type" : "buttonDown",
    "timestamp" : 4231320,
    "button" : "A"
  }, {
    "@type" : "buttonUp",
    "timestamp" : 4319178,
    "button" : "A"
  }, {
    "@type" : "snapshot",
    "timestamp" : 5000000,
    "hash" : "B0BD74C190CEEE427C326D97FF71AEEC523C15C5"
  }, {
    "@type" : "buttonDown",
    "timestamp" : 5837990,
    "button" : "START"
  }, {
    "@type" : "buttonUp",
    "timestamp" : 5886466,
    "button" : "START"
  }, {
    "@type" : "snapshot",
    "timestamp" : 6000000,
    "hash" : "8C63A5C4DCBC775CF0FC243AED2CD51A63ECF0B2"
  }, {
    "@type" : "buttonDown",
    "timestamp" : 6632603,
    "button" : "START"
  }, {
    "@type" : "buttonUp",
    "timestamp" : 6708253,
    "button" : "START"
  }, {
    "@type" : "snapshot",
    "timestamp" : 7000000,
    "hash" : "799CC10FF364617F450D15C0283F1E4DF4440B3B"
  }, {
    "@type" : "buttonDown",
    "timestamp" : 7470113,
    "button" : "START"
  }, {
    "@type" : "buttonUp",
    "timestamp" : 7543305,
    "button" : "START"
  }, {
    "@type" : "snapshot",
    "timestamp" : 8000000,
    "hash" : "21F9E423FE3E87705E5B530F8AEB81A0B85C60A9"
  }, {
    "@type" : "snapshot",
    "timestamp" : 9000000,
    "hash" : "21F9E423FE3E87705E5B530F8AEB81A0B85C60A9"
  }, {
    "@type" : "snapshot",
    "timestamp" : 10000000,
    "hash" : "21F9E423FE3E87705E5B530F8AEB81A0B85C60A9"
  }, {
    "@type" : "buttonDown",
    "timestamp" : 10118324,
    "button" : "START"
  }, {
    "@type" : "buttonUp",
    "timestamp" : 10180977,
    "button" : "START"
  }, {
    "@type" : "snapshot",
    "timestamp" : 11000000,
    "hash" : "4C8722B99D806AC9567594ED3C151A53398BC154"
  }, {
    "@type" : "snapshot",
    "timestamp" : 12000000,
    "hash" : "900C02E84EC73DAE1C239B9B62850B3EF3167F24"
  }, {
    "@type" : "buttonDown",
    "timestamp" : 12591956,
    "button" : "LEFT"
  }, {
    "@type" : "buttonUp",
    "timestamp" : 12744621,
    "button" : "LEFT"
  }, {
    "@type" : "snapshot",
    "timestamp" : 13000000,
    "hash" : "585D36920AF2CB453EA3E7F37C86360DBBE9F8A3"
  }, {
    "@type" : "buttonDown",
    "timestamp" : 13924655,
    "button" : "LEFT"
  }, {
    "@type" : "snapshot",
    "timestamp" : 14000000,
    "hash" : "CD427FE290A63028C74A295C2A8DDFB616236D54"
  }, {
    "@type" : "buttonUp",
    "timestamp" : 14199975,
    "button" : "LEFT"
  }, {
    "@type" : "buttonDown",
    "timestamp" : 14307166,
    "button" : "LEFT"
  }, {
    "@type" : "buttonUp",
    "timestamp" : 14510640,
    "button" : "LEFT"
  }, {
    "@type" : "snapshot",
    "timestamp" : 15000000,
    "hash" : "894CF4AE360E9049865E63FCBEEEB92733666D85"
  }, {
    "@type" : "buttonDown",
    "timestamp" : 15141209,
    "button" : "RIGHT"
  }, {
    "@type" : "buttonUp",
    "timestamp" : 15188611,
    "button" : "RIGHT"
  }, {
    "@type" : "buttonDown",
    "timestamp" : 15520891,
    "button" : "RIGHT"
  }, {
    "@type" : "buttonUp",
    "timestamp" : 15633116,
    "button" : "RIGHT"
  }, {
    "@type" : "buttonDown",
    "timestamp" : 15799304,
    "button" : "LEFT"
  }, {
    "@type" : "buttonUp",
    "timestamp" : 15878509,
    "button" : "LEFT"
  }, {
    "@type" : "buttonDown",
    "timestamp" : 15945706,
    "button" : "UP"
  }, {
    "@type" : "snapshot",
    "timestamp" : 16000000,
    "hash" : "60FB6FE4C430F294BD051753FDA37252272B1B0F"
  }, {
    "@type" : "buttonUp",
    "timestamp" : 16093391,
    "button" : "UP"
  }, {
    "@type" : "buttonDown",
    "timestamp" : 16379129,
    "button" : "A"
  }, {
    "@type" : "buttonUp",
    "timestamp" : 16429012,
    "button" : "A"
  }, {
    "@type" : "buttonDown",
    "timestamp" : 16481326,
    "button" : "A"
  }, {
    "@type" : "buttonUp",
    "timestamp" : 16531424,
    "button" : "A"
  }, {
    "@type" : "buttonDown",
    "timestamp" : 16566669,
    "button" : "A"
  }, {
    "@type" : "buttonUp",
    "timestamp" : 16617977,
    "button" : "A"
  }, {
    "@type" : "buttonDown",
    "timestamp" : 16670105,
    "button" : "A"
  }, {
    "@type" : "buttonUp",
    "timestamp" : 16707904,
    "button" : "A"
  }, {
    "@type" : "buttonDown",
    "timestamp" : 16765907,
    "button" : "A"
  }, {
    "@type" : "buttonUp",
    "timestamp" : 16809400,
    "button" : "A"
  }, {
    "@type" : "buttonDown",
    "timestamp" : 16816883,
    "button" : "DOWN"
  }, {
    "@type" : "buttonDown",
    "timestamp" : 16848163,
    "button" : "A"
  }, {
    "@type" : "buttonUp",
    "timestamp" : 16872504,
    "button" : "A"
  }, {
    "@type" : "buttonUp",
    "timestamp" : 16893050,
    "button" : "DOWN"
  }, {
    "@type" : "buttonDown",
    "timestamp" : 16935898,
    "button" : "A"
  }, {
    "@type" : "buttonUp",
    "timestamp" : 16977936,
    "button" : "A"
  }, {
    "@type" : "snapshot",
    "timestamp" : 17000000,
    "hash" : "5639C003C06AD690F4BA384563D116CD4BB801B2"
  }, {
    "@type" : "buttonDown",
    "timestamp" : 17034841,
    "button" : "A"
  }, {
    "@type" : "buttonUp",
    "timestamp" : 17072291,
    "button" : "A"
  }, {
    "@type" : "buttonDown",
    "timestamp" : 17109280,
    "button" : "RIGHT"
  }, {
    "@type" : "buttonDown",
    "timestamp" : 17130138,
    "button" : "A"
  }, {
    "@type" : "buttonUp",
    "timestamp" : 17165181,
    "button" : "A"
  }, {
    "@type" : "buttonDown",
    "timestamp" : 17235235,
    "button" : "A"
  }, {
    "@type" : "buttonUp",
    "timestamp" : 17251622,
    "button" : "A"
  }, {
    "@type" : "buttonDown",
    "timestamp" : 17317480,
    "button" : "A"
  }, {
    "@type" : "buttonUp",
    "timestamp" : 17346332,
    "button" : "A"
  }, {
    "@type" : "buttonDown",
    "timestamp" : 17393614,
    "button" : "A"
  }, {
    "@type" : "buttonUp",
    "timestamp" : 17424277,
    "button" : "RIGHT"
  }, {
    "@type" : "buttonUp",
    "timestamp" : 17436007,
    "button" : "A"
  }, {
    "@type" : "snapshot",
    "timestamp" : 18000000,
    "hash" : "259A9F51683BBA749142FFD9BB09F8085517248E"
  }, {
    "@type" : "close",
    "timestamp" : 18012541
  } ]
}