{
  "romHash" : "D85C9FF489672534FBF61A15F8FA56FFF489A34B",
  "stimuli" : [ {
    "@type" : "snapshot",
    "timestamp" : 1000000,
    "hash" : "AF2815232FAFD026AF857BF99B754A9EA64B930F"
  }, {
    "@type" : "snapshot",
    "timestamp" : 2000000,
    "hash" : "694997AE4763B9EFFC3E16EF925E43B118C6A0AC"
  }, {
    "@type" : "buttonDown",
    "timestamp" : 2234237,
    "button" : "START"
  }, {
    "@type" : "buttonUp",
    "timestamp" : 2348198,
    "button" : "START"
  }, {
    "@type" : "snapshot",
    "timestamp" : 3000000,
    "hash" : "66E6650940E9B94C469ADBBAEDEEC06A9C36E99F"
  }, {
    "@type" : "buttonDown",
    "timestamp" : 3468022,
    "button" : "A"
  }, {
    "@type" : "buttonUp",
    "timestamp" : 3615115,
    "button" : "A"
  }, {
    "@type" : "snapshot",
    "timestamp" : 4000000,
    "hash" : "B909E016B8AFE8D64A7BB471B9CFF537FD5522BB"
  }, {
    "@type" : "buttonDown",
    "timestamp" : 4741257,
    "button" : "START"
  }, {
    "@type" : "buttonUp",
    "timestamp" : 4845980,
    "button" : "START"
  }, {
    "@type" : "snapshot",
    "timestamp" : 5000000,
    "hash" : "E7BE3F23E4E2A750B802341C30597363DE941948"
  }, {
    "@type" : "buttonDown",
    "timestamp" : 5397481,
    "button" : "A"
  }, {
    "@type" : "buttonUp",
    "timestamp" : 5483767,
    "button" : "A"
  }, {
    "@type" : "snapshot",
    "timestamp" : 6000000,
    "hash" : "BF715451F93B94BC4FBE5BEA9CBA64152899F1C0"
  }, {
    "@type" : "buttonDown",
    "timestamp" : 6301495,
    "button" : "A"
  }, {
    "@type" : "buttonUp",
    "timestamp" : 6404828,
    "button" : "A"
  }, {
    "@type" : "buttonDown",
    "timestamp" : 6644796,
    "button" : "A"
  }, {
    "@type" : "buttonUp",
    "timestamp" : 6699987,
    "button" : "A"
  }, {
    "@type" : "buttonDown",
    "timestamp" : 6981741,
    "button" : "A"
  }, {
    "@type" : "snapshot",
    "timestamp" : 7000000,
    "hash" : "03ED57BB5C77B4FC8160DDA4551FA5B667335E91"
  }, {
    "@type" : "buttonUp",
    "timestamp" : 7017542,
    "button" : "A"
  }, {
    "@type" : "buttonDown",
    "timestamp" : 7146593,
    "button" : "A"
  }, {
    "@type" : "buttonUp",
    "timestamp" : 7186275,
    "button" : "A"
  }, {
    "@type" : "buttonDown",
    "timestamp" : 7675123,
    "button" : "START"
  }, {
    "@type" : "buttonUp",
    "timestamp" : 7761076,
    "button" : "START"
  }, {
    "@type" : "buttonDown",
    "timestamp" : 7936054,
    "button" : "START"
  }, {
    "@type" : "buttonUp",
    "timestamp" : 7977400,
    "button" : "START"
  }, {
    "@type" : "snapshot",
    "timestamp" : 8000000,
    "hash" : "0369BABC0C20D00C266E54E6C74FB052654478CF"
  }, {
    "@type" : "buttonDown",
    "timestamp" : 8176219,
    "button" : "START"
  }, {
    "@type" : "buttonUp",
    "timestamp" : 8235254,
    "button" : "START"
  }, {
    "@type" : "snapshot",
    "timestamp" : 9000000,
    "hash" : "C38E91DEB933719405F9BECB78846EF6B06B5FF9"
  }, {
    "@type" : "buttonDown",
    "timestamp" : 9949244,
    "button" : "START"
  }, {
    "@type" : "snapshot",
    "timestamp" : 10000000,
    "hash" : "EBE0BB3938235064228CB04CF8DF9314413BE651"
  }, {
    "@type" : "buttonUp",
    "timestamp" : 10030731,
    "button" : "START"
  }, {
    "@type" : "buttonDown",
    "timestamp" : 10687505,
    "button" : "START"
  }, {
    "@type" : "buttonUp",
    "timestamp" : 10757366,
    "button" : "START"
  }, {
    "@type" : "snapshot",
    "timestamp" : 11000000,
    "hash" : "86BAF89B4A515F0AAE31029F0A0AF751DD0B120E"
  }, {
    "@type" : "buttonDown",
    "timestamp" : 11140727,
    "button" : "START"
  }, {
    "@type" : "buttonUp",
    "timestamp" : 11203526,
    "button" : "START"
  }, {
    "@type" : "buttonDown",
    "timestamp" : 11524329,
    "button" : "START"
  }, {
    "@type" : "buttonUp",
    "timestamp" : 11590327,
    "button" : "START"
  }, {
    "@type" : "snapshot",
    "timestamp" : 12000000,
    "hash" : "5BFD05AF6FDBCC47C7C4E8F64F245120B6608612"
  }, {
    "@type" : "buttonDown",
    "timestamp" : 12003294,
    "button" : "START"
  }, {
    "@type" : "buttonUp",
    "timestamp" : 12074362,
    "button" : "START"
  }, {
    "@type" : "buttonDown",
    "timestamp" : 12514811,
    "button" : "START"
  }, {
    "@type" : "buttonUp",
    "timestamp" : 12578721,
    "button" : "START"
  }, {
    "@type" : "snapshot",
    "timestamp" : 13000000,
    "hash" : "5512B613C1004E3BB809CE8BE99AF1DB9F7CC3E1"
  }, {
    "@type" : "buttonDown",
    "timestamp" : 13141034,
    "button" : "START"
  }, {
    "@type" : "buttonUp",
    "timestamp" : 13218350,
    "button" : "START"
  }, {
    "@type" : "snapshot",
    "timestamp" : 14000000,
    "hash" : "C82F12AB34108A1C5631406F60FD92046F8B2AF9"
  }, {
    "@type" : "snapshot",
    "timestamp" : 15000000,
    "hash" : "D3156340D7DFD8214D5F12067A811E5F09CCB2E2"
  }, {
    "@type" : "buttonDown",
    "timestamp" : 15219546,
    "button" : "START"
  }, {
    "@type" : "buttonUp",
    "timestamp" : 15318678,
    "button" : "START"
  }, {
    "@type" : "buttonDown",
    "timestamp" : 15529973,
    "button" : "A"
  }, {
    "@type" : "buttonUp",
    "timestamp" : 15613006,
    "button" : "A"
  }, {
    "@type" : "buttonDown",
    "timestamp" : 15746257,
    "button" : "START"
  }, {
    "@type" : "buttonUp",
    "timestamp" : 15828632,
    "button" : "START"
  }, {
    "@type" : "snapshot",
    "timestamp" : 16000000,
    "hash" : "A0CDCA03971CCCADED139970CE8126E2B1F78CF8"
  }, {
    "@type" : "buttonDown",
    "timestamp" : 16105202,
    "button" : "START"
  }, {
    "@type" : "buttonUp",
    "timestamp" : 16180355,
    "button" : "START"
  }, {
    "@type" : "buttonDown",
    "timestamp" : 16893734,
    "button" : "START"
  }, {
    "@type" : "buttonUp",
    "timestamp" : 16964785,
    "button" : "START"
  }, {
    "@type" : "snapshot",
    "timestamp" : 17000000,
    "hash" : "D9E6FD67A4498ECBBF2A03875A413C55ED3C853A"
  }, {
    "@type" : "buttonDown",
    "timestamp" : 17108122,
    "button" : "A"
  }, {
    "@type" : "buttonUp",
    "timestamp" : 17205239,
    "button" : "A"
  }, {
    "@type" : "snapshot",
    "timestamp" : 18000000,
    "hash" : "8C63A5C4DCBC775CF0FC243AED2CD51A63ECF0B2"
  }, {
    "@type" : "buttonDown",
    "timestamp" : 18421506,
    "button" : "START"
  }, {
    "@type" : "buttonUp",
    "timestamp" : 18476420,
    "button" : "START"
  }, {
    "@type" : "buttonDown",
    "timestamp" : 18884985,
    "button" : "START"
  }, {
    "@type" : "buttonUp",
    "timestamp" : 18926431,
    "button" : "START"
  }, {
    "@type" : "snapshot",
    "timestamp" : 19000000,
    "hash" : "89D09F32885EF15A81A6476A2F63F1568F658848"
  }, {
    "@type" : "snapshot",
    "timestamp" : 20000000,
    "hash" : "8CE9F50212FA80B97CB5AB77E8FEAFAD9FDF9FD4"
  }, {
    "@type" : "buttonDown",
    "timestamp" : 20168276,
    "button" : "RIGHT"
  }, {
    "@type" : "buttonDown",
    "timestamp" : 20253221,
    "button" : "DOWN"
  }, {
    "@type" : "buttonUp",
    "timestamp" : 20274730,
    "button" : "RIGHT"
  }, {
    "@type" : "buttonDown",
    "timestamp" : 20386538,
    "button" : "LEFT"
  }, {
    "@type" : "buttonUp",
    "timestamp" : 20392503,
    "button" : "DOWN"
  }, {
    "@type" : "buttonUp",
    "timestamp" : 20410304,
    "button" : "LEFT"
  }, {
    "@type" : "buttonDown",
    "timestamp" : 20487899,
    "button" : "RIGHT"
  }, {
    "@type" : "buttonDown",
    "timestamp" : 20595730,
    "button" : "B"
  }, {
    "@type" : "buttonUp",
    "timestamp" : 20621433,
    "button" : "RIGHT"
  }, {
    "@type" : "buttonUp",
    "timestamp" : 20674666,
    "button" : "B"
  }, {
    "@type" : "buttonDown",
    "timestamp" : 20702323,
    "button" : "B"
  }, {
    "@type" : "buttonUp",
    "timestamp" : 20755577,
    "button" : "B"
  }, {
    "@type" : "buttonDown",
    "timestamp" : 20791009,
    "button" : "B"
  }, {
    "@type" : "buttonUp",
    "timestamp" : 20844252,
    "button" : "B"
  }, {
    "@type" : "buttonDown",
    "timestamp" : 20886370,
    "button" : "B"
  }, {
    "@type" : "buttonUp",
    "timestamp" : 20935723,
    "button" : "B"
  }, {
    "@type" : "buttonDown",
    "timestamp" : 20972892,
    "button" : "B"
  }, {
    "@type" : "snapshot",
    "timestamp" : 21000000,
    "hash" : "753D4F393C15347DE19564402AE9498AB89D97B1"
  }, {
    "@type" : "buttonUp",
    "timestamp" : 21021769,
    "button" : "B"
  }, {
    "@type" : "buttonDown",
    "timestamp" : 21066149,
    "button" : "B"
  }, {
    "@type" : "buttonUp",
    "timestamp" : 21111660,
    "button" : "B"
  }, {
    "@type" : "buttonDown",
    "timestamp" : 21143463,
    "button" : "B"
  }, {
    "@type" : "buttonUp",
    "timestamp" : 21187400,
    "button" : "B"
  }, {
    "@type" : "buttonDown",
    "timestamp" : 21223963,
    "button" : "B"
  }, {
    "@type" : "buttonUp",
    "timestamp" : 21271431,
    "button" : "B"
  }, {
    "@type" : "buttonDown",
    "timestamp" : 21304994,
    "button" : "B"
  }, {
    "@type" : "buttonUp",
    "timestamp" : 21355884,
    "button" : "B"
  }, {
    "@type" : "buttonDown",
    "timestamp" : 21387901,
    "button" : "B"
  }, {
    "@type" : "buttonUp",
    "timestamp" : 21451667,
    "button" : "B"
  }, {
    "@type" : "buttonDown",
    "timestamp" : 21495507,
    "button" : "B"
  }, {
    "@type" : "buttonUp",
    "timestamp" : 21539015,
    "button" : "B"
  }, {
    "@type" : "buttonDown",
    "timestamp" : 21965657,
    "button" : "LEFT"
  }, {
    "@type" : "snapshot",
    "timestamp" : 22000000,
    "hash" : "EB2B5206559A0790043BC83D5B6C3E9828DAE2AA"
  }, {
    "@type" : "buttonUp",
    "timestamp" : 22088707,
    "button" : "LEFT"
  }, {
    "@type" : "close",
    "timestamp" : 22232479
  } ]
}