{
  "romHash" : "D85C9FF489672534FBF61A15F8FA56FFF489A34B",
  "stimuli" : [ {
    "@type" : "snapshot",
    "timestamp" : 1000000,
    "hash" : "868C6360A05CC93B7CB0B1666B74A08F49FA4447"
  }, {
    "@type" : "snapshot",
    "timestamp" : 2000000,
    "hash" : "579D32C0706272F9F24F3D77DA3804C88C6CC42C"
  }, {
    "@type" : "buttonDown",
    "timestamp" : 2234237,
    "button" : "START"
  }, {
    "@type" : "buttonUp",
    "timestamp" : 2348198,
    "button" : "START"
  }, {
    "@type" : "snapshot",
    "timestamp" : 3000000,
    "hash" : "F927FF37FE2A76C736BA360000868E1EEAC83708"
  }, {
    "@type" : "buttonDown",
    "timestamp" : 3468022,
    "button" : "A"
  }, {
    "@type" : "buttonUp",
    "timestamp" : 3615115,
    "button" : "A"
  }, {
    "@type" : "snapshot",
    "timestamp" : 4000000,
    "hash" : "4C0284550E14F2E26A7593EEC608D3A7FD9C51B5"
  }, {
    "@type" : "buttonDown",
    "timestamp" : 4741257,
    "button" : "START"
  }, {
    "@type" : "buttonUp",
    "timestamp" : 4845980,
    "button" : "START"
  }, {
    "@type" : "snapshot",
    "timestamp" : 5000000,
    "hash" : "5DF22333DFDC978D089500D53BA1B76A5849D19D"
  }, {
    "@type" : "buttonDown",
    "timestamp" : 5397481,
    "button" : "A"
  }, {
    "@type" : "buttonUp",
    "timestamp" : 5483767,
    "button" : "A"
  }, {
    "@type" : "snapshot",
    "timestamp" : 6000000,
    "hash" : "75C1D053404514C7312F7E91068B787FD0D586AB"
  }, {
    "@type" : "buttonDown",
    "timestamp" : 6301495,
    "button" : "A"
  }, {
    "@type" : "buttonUp",
    "timestamp" : 6404828,
    "button" : "A"
  }, {
    "@type" : "buttonDown",
    "timestamp" : 6644796,
    "button" : "A"
  }, {
    "@type" : "buttonUp",
    "timestamp" : 6699987,
    "button" : "A"
  }, {
    "@type" : "buttonDown",
    "timestamp" : 6981741,
    "button" : "A"
  }, {
    "@type" : "snapshot",
    "timestamp" : 7000000,
    "hash" : "64D17F5D401792DEEF3F3E959AFFF4F0C2B42E58"
  }, {
    "@type" : "buttonUp",
    "timestamp" : 7017542,
    "button" : "A"
  }, {
    "@type" : "buttonDown",
    "timestamp" : 7146593,
    "button" : "A"
  }, {
    "@type" : "buttonUp",
    "timestamp" : 7186275,
    "button" : "A"
  }, {
    "@type" : "buttonDown",
    "timestamp" : 7675123,
    "button" : "START"
  }, {
    "@type" : "buttonUp",
    "timestamp" : 7761076,
    "button" : "START"
  }, {
    "@type" : "buttonDown",
    "timestamp" : 7936054,
    "button" : "START"
  }, {
    "@type" : "buttonUp",
    "timestamp" : 7977400,
    "button" : "START"
  }, {
    "@type" : "snapshot",
    "timestamp" : 8000000,
    "hash" : "A712A4827DD2EC7BD9CEE4D5B7B06D134268DA81"
  }, {
    "@type" : "buttonDown",
    "timestamp" : 8176219,
    "button" : "START"
  }, {
    "@type" : "buttonUp",
    "timestamp" : 8235254,
    "button" : "START"
  }, {
    "@type" : "snapshot",
    "timestamp" : 9000000,
    "hash" : "CDDCE6597B2DE8F06BE8DFB26FB06898B7D020DE"
  }, {
    "@type" : "buttonDown",
    "timestamp" : 9949244,
    "button" : "START"
  }, {
    "@type" : "snapshot",
    "timestamp" : 10000000,
    "hash" : "3CEC8489A48D72FBA6A4E6588A620C66F2AAF069"
  }, {
    "@type" : "buttonUp",
    "timestamp" : 10030731,
    "button" : "START"
  }, {
    "@type" : "buttonDown",
    "timestamp" : 10687505,
    "button" : "START"
  }, {
    "@type" : "buttonUp",
    "timestamp" : 10757366,
    "button" : "START"
  }, {
    "@type" : "snapshot",
    "timestamp" : 11000000,
    "hash" : "B8343BDCCFDA67752BB7F0E03EAE8B2B21A7433F"
  }, {
    "@type" : "buttonDown",
    "timestamp" : 11140727,
    "button" : "START"
  }, {
    "@type" : "buttonUp",
    "timestamp" : 11203526,
    "button" : "START"
  }, {
    "@type" : "buttonDown",
    "timestamp" : 11524329,
    "button" : "START"
  }, {
    "@type" : "buttonUp",
    "timestamp" : 11590327,
    "button" : "START"
  }, {
    "@type" : "snapshot",
    "timestamp" : 12000000,
    "hash" : "5AE267DFF2028E8366CBB1B4D146FCE35F90D1AC"
  }, {
    "@type" : "buttonDown",
    "timestamp" : 12003294,
    "button" : "START"
  }, {
    "@type" : "buttonUp",
    "timestamp" : 12074362,
    "button" : "START"
  }, {
    "@type" : "buttonDown",
    "timestamp" : 12514811,
    "button" : "START"
  }, {
    "@type" : "buttonUp",
    "timestamp" : 12578721,
    "button" : "START"
  }, {
    "@type" : "snapshot",
    "timestamp" : 13000000,
    "hash" : "406865D2BD8994D661D1F492BFFAB44FCA74A276"
  }, {
    "@type" : "buttonDown",
    "timestamp" : 13141034,
    "button" : "START"
  }, {
    "@type" : "buttonUp",
    "timestamp" : 13218350,
    "button" : "START"
  }, {
    "@type" : "snapshot",
    "timestamp" : 14000000,
    "hash" : "424CE0710A5197BE95FC3A86687796DD919CBBAC"
  }, {
    "@type" : "snapshot",
    "timestamp" : 15000000,
    "hash" : "580E22E1A74FE1E9B7551F59708D98C5D45973E9"
  }, {
    "@type" : "buttonDown",
    "timestamp" : 15219546,
    "button" : "START"
  }, {
    "@type" : "buttonUp",
    "timestamp" : 15318678,
    "button" : "START"
  }, {
    "@type" : "buttonDown",
    "timestamp" : 15529973,
    "button" : "A"
  }, {
    "@type" : "buttonUp",
    "timestamp" : 15613006,
    "button" : "A"
  }, {
    "@type" : "buttonDown",
    "timestamp" : 15746257,
    "button" : "START"
  }, {
    "@type" : "buttonUp",
    "timestamp" : 15828632,
    "button" : "START"
  }, {
    "@type" : "snapshot",
    "timestamp" : 16000000,
    "hash" : "8E27128A80941CA8A1CA11E05EC9EA74F7BF85F3"
  }, {
    "@type" : "buttonDown",
    "timestamp" : 16105202,
    "button" : "START"
  }, {
    "@type" : "buttonUp",
    "timestamp" : 16180355,
    "button" : "START"
  }, {
    "@type" : "buttonDown",
    "timestamp" : 16893734,
    "button" : "START"
  }, {
    "@type" : "buttonUp",
    "timestamp" : 16964785,
    "button" : "START"
  }, {
    "@type" : "snapshot",
    "timestamp" : 17000000,
    "hash" : "2508C7B4CEE33AEC42CD2C625848FFC0AE2EE8EF"
  }, {
    "@type" : "buttonDown",
    "timestamp" : 17108122,
    "button" : "A"
  }, {
    "@type" : "buttonUp",
    "timestamp" : 17205239,
    "button" : "A"
  }, {
    "@type" : "snapshot",
    "timestamp" : 18000000,
    "hash" : "8C63A5C4DCBC775CF0FC243AED2CD51A63ECF0B2"
  }, {
    "@type" : "buttonDown",
    "timestamp" : 18421506,
    "button" : "START"
  }, {
    "@type" : "buttonUp",
    "timestamp" : 18476420,
    "button" : "START"
  }, {
    "@type" : "buttonDown",
    "timestamp" : 18884985,
    "button" : "START"
  }, {
    "@type" : "buttonUp",
    "timestamp" : 18926431,
    "button" : "START"
  }, {
    "@type" : "snapshot",
    "timestamp" : 19000000,
    "hash" : "FEC9E69A00EEDE6355A7C930937CE0FDAE6838F4"
  }, {
    "@type" : "snapshot",
    "timestamp" : 20000000,
    "hash" : "FCD22C059C7B47480E91109B468C2ED836CE351C"
  }, {
    "@type" : "buttonDown",
    "timestamp" : 20168276,
    "button" : "RIGHT"
  }, {
    "@type" : "buttonDown",
    "timestamp" : 20253221,
    "button" : "DOWN"
  }, {
    "@type" : "buttonUp",
    "timestamp" : 20274730,
    "button" : "RIGHT"
  }, {
    "@type" : "buttonDown",
    "timestamp" : 20386538,
    "button" : "LEFT"
  }, {
    "@type" : "buttonUp",
    "timestamp" : 20392503,
    "button" : "DOWN"
  }, {
    "@type" : "buttonUp",
    "timestamp" : 20410304,
    "button" : "LEFT"
  }, {
    "@type" : "buttonDown",
    "timestamp" : 20487899,
    "button" : "RIGHT"
  }, {
    "@type" : "buttonDown",
    "timestamp" : 20595730,
    "button" : "B"
  }, {
    "@type" : "buttonUp",
    "timestamp" : 20621433,
    "button" : "RIGHT"
  }, {
    "@type" : "buttonUp",
    "timestamp" : 20674666,
    "button" : "B"
  }, {
    "@type" : "buttonDown",
    "timestamp" : 20702323,
    "button" : "B"
  }, {
    "@type" : "buttonUp",
    "timestamp" : 20755577,
    "button" : "B"
  }, {
    "@type" : "buttonDown",
    "timestamp" : 20791009,
    "button" : "B"
  }, {
    "@type" : "buttonUp",
    "timestamp" : 20844252,
    "button" : "B"
  }, {
    "@type" : "buttonDown",
    "timestamp" : 20886370,
    "button" : "B"
  }, {
    "@type" : "buttonUp",
    "timestamp" : 20935723,
    "button" : "B"
  }, {
    "@type" : "buttonDown",
    "timestamp" : 20972892,
    "button" : "B"
  }, {
    "@type" : "snapshot",
    "timestamp" : 21000000,
    "hash" : "BBBF40E7550636B6EC2C253792251E186C239267"
  }, {
    "@type" : "buttonUp",
    "timestamp" : 21021769,
    "button" : "B"
  }, {
    "@type" : "buttonDown",
    "timestamp" : 21066149,
    "button" : "B"
  }, {
    "@type" : "buttonUp",
    "timestamp" : 21111660,
    "button" : "B"
  }, {
    "@type" : "buttonDown",
    "timestamp" : 21143463,
    "button" : "B"
  }, {
    "@type" : "buttonUp",
    "timestamp" : 21187400,
    "button" : "B"
  }, {
    "@type" : "buttonDown",
    "timestamp" : 21223963,
    "button" : "B"
  }, {
    "@type" : "buttonUp",
    "timestamp" : 21271431,
    "button" : "B"
  }, {
    "@type" : "buttonDown",
    "timestamp" : 21304994,
    "button" : "B"
  }, {
    "@type" : "buttonUp",
    "timestamp" : 21355884,
    "button" : "B"
  }, {
    "@type" : "buttonDown",
    "timestamp" : 21387901,
    "button" : "B"
  }, {
    "@type" : "buttonUp",
    "timestamp" : 21451667,
    "button" : "B"
  }, {
    "@type" : "buttonDown",
    "timestamp" : 21495507,
    "button" : "B"
  }, {
    "@type" : "buttonUp",
    "timestamp" : 21539015,
    "button" : "B"
  }, {
    "@type" : "buttonDown",
    "timestamp" : 21965657,
    "button" : "LEFT"
  }, {
    "@type" : "snapshot",
    "timestamp" : 22000000,
    "hash" : "C15451852D2BDFC29EE784EA1D2F3016A8BFA1D4"
  }, {
    "@type" : "buttonUp",
    "timestamp" : 22088707,
    "button" : "LEFT"
  }, {
    "@type" : "close",
    "timestamp" : 22232479
  } ]
}