{
  "romHash" : "C7FD43041FC139DC8440C95C28A0115DC79E2691",
  "stimuli" : [ {
    "@type" : "snapshot",
    "timestamp" : 1000000,
    "hash" : "EED658F245DB5C98F2BA43EFEE6867C71B04200B"
  }, {
    "@type" : "snapshot",
    "timestamp" : 2000000,
    "hash" : "EED658F245DB5C98F2BA43EFEE6867C71B04200B"
  }, {
    "@type" : "snapshot",
    "timestamp" : 3000000,
    "hash" : "8D42E0E643F17542C8298E0EE857C43F42962B11"
  }, {
    "@type" : "buttonDown",
    "timestamp" : 3395157,
    "button" : "START"
  }, {
    "@type" : "buttonUp",
    "timestamp" : 3441235,
    "button" : "START"
  }, {
    "@type" : "buttonDown",
    "timestamp" : 3897848,
    "button" : "LEFT"
  }, {
    "@type" : "snapshot",
    "timestamp" : 4000000,
    "hash" : "4D93751BF74CF9FBE7DA797AB4D9DE30536FA493"
  }, {
    "@type" : "buttonUp",
    "timestamp" : 4011007,
    "button" : "LEFT"
  }, {
    "@type" : "buttonDown",
    "timestamp" : 4236980,
    "button" : "START"
  }, {
    "@type" : "buttonUp",
    "timestamp" : 4294421,
    "button" : "START"
  }, {
    "@type" : "snapshot",
    "timestamp" : 5000000,
    "hash" : "42ED83E5EBDB2AFB62482B7AA5F3005CCC0C8DA9"
  }, {
    "@type" : "buttonDown",
    "timestamp" : 5005440,
    "button" : "START"
  }, {
    "@type" : "buttonUp",
    "timestamp" : 5050910,
    "button" : "START"
  }, {
    "@type" : "snapshot",
    "timestamp" : 6000000,
    "hash" : "1B423A560812DA43CC979A7FA8C6010B48F9C74A"
  }, {
    "@type" : "buttonDown",
    "timestamp" : 6033592,
    "button" : "START"
  }, {
    "@type" : "buttonUp",
    "timestamp" : 6095541,
    "button" : "START"
  }, {
    "@type" : "snapshot",
    "timestamp" : 7000000,
    "hash" : "FCEE0D1F9E0F11A0B8CAFB02B11631A53749A83D"
  }, {
    "@type" : "buttonDown",
    "timestamp" : 7950430,
    "button" : "START"
  }, {
    "@type" : "snapshot",
    "timestamp" : 8000000,
    "hash" : "4B10B712126CF7996199ADF78474D3B88C434450"
  }, {
    "@type" : "buttonUp",
    "timestamp" : 8023247,
    "button" : "START"
  }, {
    "@type" : "buttonDown",
    "timestamp" : 8855804,
    "button" : "A"
  }, {
    "@type" : "snapshot",
    "timestamp" : 9000000,
    "hash" : "475E616D45A26FA9FD836FFFD891641017D61FEF"
  }, {
    "@type" : "buttonDown",
    "timestamp" : 9192980,
    "button" : "LEFT"
  }, {
    "@type" : "buttonUp",
    "timestamp" : 9279860,
    "button" : "LEFT"
  }, {
    "@type" : "buttonDown",
    "timestamp" : 9481216,
    "button" : "RIGHT"
  }, {
    "@type" : "buttonUp",
    "timestamp" : 9520676,
    "button" : "RIGHT"
  }, {
    "@type" : "buttonDown",
    "timestamp" : 9693082,
    "button" : "RIGHT"
  }, {
    "@type" : "buttonUp",
    "timestamp" : 9742012,
    "button" : "RIGHT"
  }, {
    "@type" : "buttonDown",
    "timestamp" : 9884106,
    "button" : "RIGHT"
  }, {
    "@type" : "buttonUp",
    "timestamp" : 9958799,
    "button" : "RIGHT"
  }, {
    "@type" : "snapshot",
    "timestamp" : 10000000,
    "hash" : "758EDBE4A129A3F7EFB392847DB5DBE604F24C0B"
  }, {
    "@type" : "buttonDown",
    "timestamp" : 10059475,
    "button" : "RIGHT"
  }, {
    "@type" : "buttonUp",
    "timestamp" : 10183515,
    "button" : "RIGHT"
  }, {
    "@type" : "buttonDown",
    "timestamp" : 10530128,
    "button" : "RIGHT"
  }, {
    "@type" : "buttonUp",
    "timestamp" : 10584272,
    "button" : "RIGHT"
  }, {
    "@type" : "buttonDown",
    "timestamp" : 10876005,
    "button" : "RIGHT"
  }, {
    "@type" : "buttonUp",
    "timestamp" : 10927368,
    "button" : "RIGHT"
  }, {
    "@type" : "snapshot",
    "timestamp" : 11000000,
    "hash" : "76DC67B09CAB9AF73688C05E7B3837EEBA50CEC5"
  }, {
    "@type" : "buttonDown",
    "timestamp" : 11658170,
    "button" : "RIGHT"
  }, {
    "@type" : "buttonUp",
    "timestamp" : 11768708,
    "button" : "RIGHT"
  }, {
    "@type" : "buttonDown",
    "timestamp" : 11913427,
    "button" : "RIGHT"
  }, {
    "@type" : "snapshot",
    "timestamp" : 12000000,
    "hash" : "B54084FFD37953B6A75739F8582A29CCAC549C0F"
  }, {
    "@type" : "buttonUp",
    "timestamp" : 12065785,
    "button" : "RIGHT"
  }, {
    "@type" : "buttonDown",
    "timestamp" : 12527877,
    "button" : "RIGHT"
  }, {
    "@type" : "buttonUp",
    "timestamp" : 12623298,
    "button" : "RIGHT"
  }, {
    "@type" : "buttonDown",
    "timestamp" : 12751060,
    "button" : "RIGHT"
  }, {
    "@type" : "buttonUp",
    "timestamp" : 12816566,
    "button" : "RIGHT"
  }, {
    "@type" : "buttonDown",
    "timestamp" : 12985733,
    "button" : "RIGHT"
  }, {
    "@type" : "snapshot",
    "timestamp" : 13000000,
    "hash" : "B87EF3E59693E1EABFE6AD79625FE649226A639C"
  }, {
    "@type" : "buttonUp",
    "timestamp" : 13138222,
    "button" : "RIGHT"
  }, {
    "@type" : "buttonDown",
    "timestamp" : 13374488,
    "button" : "RIGHT"
  }, {
    "@type" : "buttonUp",
    "timestamp" : 13456364,
    "button" : "RIGHT"
  }, {
    "@type" : "buttonDown",
    "timestamp" : 13571648,
    "button" : "LEFT"
  }, {
    "@type" : "buttonUp",
    "timestamp" : 13644329,
    "button" : "LEFT"
  }, {
    "@type" : "snapshot",
    "timestamp" : 14000000,
    "hash" : "32326101418CEA5C3DA4940920AF0214D2974ED1"
  }, {
    "@type" : "buttonDown",
    "timestamp" : 14281763,
    "button" : "RIGHT"
  }, {
    "@type" : "buttonUp",
    "timestamp" : 14539422,
    "button" : "RIGHT"
  }, {
    "@type" : "buttonDown",
    "timestamp" : 14591726,
    "button" : "RIGHT"
  }, {
    "@type" : "buttonUp",
    "timestamp" : 14662236,
    "button" : "RIGHT"
  }, {
    "@type" : "snapshot",
    "timestamp" : 15000000,
    "hash" : "300133CFE3BA3B52BCB181C6E6EFCEBF077DD30A"
  }, {
    "@type" : "buttonUp",
    "timestamp" : 15030372,
    "button" : "A"
  }, {
    "@type" : "snapshot",
    "timestamp" : 16000000,
    "hash" : "98F5AD3ABC8E9B0C31304DDC31C20823C3F96341"
  }, {
    "@type" : "snapshot",
    "timestamp" : 17000000,
    "hash" : "4AE4FC2C6352564E59BDC868B479935572263C85"
  }, {
    "@type" : "buttonDown",
    "timestamp" : 17589418,
    "button" : "START"
  }, {
    "@type" : "buttonUp",
    "timestamp" : 17686462,
    "button" : "START"
  }, {
    "@type" : "snapshot",
    "timestamp" : 18000000,
    "hash" : "4AE4FC2C6352564E59BDC868B479935572263C85"
  }, {
    "@type" : "snapshot",
    "timestamp" : 19000000,
    "hash" : "4AE4FC2C6352564E59BDC868B479935572263C85"
  }, {
    "@type" : "buttonDown",
    "timestamp" : 19617145,
    "button" : "START"
  }, {
    "@type" : "buttonUp",
    "timestamp" : 19680233,
    "button" : "START"
  }, {
    "@type" : "snapshot",
    "timestamp" : 20000000,
    "hash" : "60E98152C48F94E90FCA78779D7E61C687B3DDDD"
  }, {
    "@type" : "buttonDown",
    "timestamp" : 20099507,
    "button" : "LEFT"
  }, {
    "@type" : "buttonUp",
    "timestamp" : 20211527,
    "button" : "LEFT"
  }, {
    "@type" : "buttonDown",
    "timestamp" : 20572674,
    "button" : "A"
  }, {
    "@type" : "buttonUp",
    "timestamp" : 20651754,
    "button" : "A"
  }, {
    "@type" : "buttonDown",
    "timestamp" : 20764055,
    "button" : "LEFT"
  }, {
    "@type" : "buttonUp",
    "timestamp" : 20862932,
    "button" : "LEFT"
  }, {
    "@type" : "snapshot",
    "timestamp" : 21000000,
    "hash" : "0573B1319F22B68E9BB11434B0A2E3B5B2A9454E"
  }, {
    "@type" : "buttonDown",
    "timestamp" : 21069721,
    "button" : "LEFT"
  }, {
    "@type" : "buttonUp",
    "timestamp" : 21269524,
    "button" : "LEFT"
  }, {
    "@type" : "buttonDown",
    "timestamp" : 21366534,
    "button" : "LEFT"
  }, {
    "@type" : "buttonUp",
    "timestamp" : 21438420,
    "button" : "LEFT"
  }, {
    "@type" : "buttonDown",
    "timestamp" : 21838910,
    "button" : "A"
  }, {
    "@type" : "buttonUp",
    "timestamp" : 21904506,
    "button" : "A"
  }, {
    "@type" : "snapshot",
    "timestamp" : 22000000,
    "hash" : "E0A03C18F1D6F3D5386A207BCBFDADEA9F83AA82"
  }, {
    "@type" : "buttonDown",
    "timestamp" : 22045678,
    "button" : "LEFT"
  }, {
    "@type" : "buttonUp",
    "timestamp" : 22194927,
    "button" : "LEFT"
  }, {
    "@type" : "buttonDown",
    "timestamp" : 22549839,
    "button" : "LEFT"
  }, {
    "@type" : "buttonUp",
    "timestamp" : 22789116,
    "button" : "LEFT"
  }, {
    "@type" : "buttonDown",
    "timestamp" : 22927608,
    "button" : "A"
  }, {
    "@type" : "snapshot",
    "timestamp" : 23000000,
    "hash" : "4F9AB24F13827CBCB16B4CD520B3F97FBF8C3C88"
  }, {
    "@type" : "buttonUp",
    "timestamp" : 23009725,
    "button" : "A"
  }, {
    "@type" : "buttonDown",
    "timestamp" : 23888972,
    "button" : "START"
  }, {
    "@type" : "buttonUp",
    "timestamp" : 23946801,
    "button" : "START"
  }, {
    "@type" : "snapshot",
    "timestamp" : 24000000,
    "hash" : "E3D70C508C08D23CB9CC8BD353923C66D4604E1C"
  }, {
    "@type" : "snapshot",
    "timestamp" : 25000000,
    "hash" : "E3D70C508C08D23CB9CC8BD353923C66D4604E1C"
  }, {
    "@type" : "buttonDown",
    "timestamp" : 25552554,
    "button" : "START"
  }, {
    "@type" : "buttonUp",
    "timestamp" : 25621192,
    "button" : "START"
  }, {
    "@type" : "snapshot",
    "timestamp" : 26000000,
    "hash" : "66267D7676B768E96D818C0517606716814E4F77"
  }, {
    "@type" : "snapshot",
    "timestamp" : 27000000,
    "hash" : "9912577F6CCAF94F88DA07C32FB296DD70007D26"
  }, {
    "@type" : "buttonDown",
    "timestamp" : 27062864,
    "button" : "START"
  }, {
    "@type" : "buttonUp",
    "timestamp" : 27146319,
    "button" : "START"
  }, {
    "@type" : "snapshot",
    "timestamp" : 28000000,
    "hash" : "3F1741391BD03551B5BAFAD8BB61799BDD6747F6"
  }, {
    "@type" : "buttonDown",
    "timestamp" : 28097644,
    "button" : "A"
  }, {
    "@type" : "buttonUp",
    "timestamp" : 28412562,
    "button" : "A"
  }, {
    "@type" : "close",
    "timestamp" : 28807031
  } ]
}