{
  "romHash" : "C7FD43041FC139DC8440C95C28A0115DC79E2691",
  "stimuli" : [ {
    "@type" : "snapshot",
    "timestamp" : 1000000,
    "hash" : "005978DED52C0F69908EC00DD353445241FD1227"
  }, {
    "@type" : "snapshot",
    "timestamp" : 2000000,
    "hash" : "005978DED52C0F69908EC00DD353445241FD1227"
  }, {
    "@type" : "snapshot",
    "timestamp" : 3000000,
    "hash" : "21C908965FCBB551AD6A4E74F8723F06FED5A7E9"
  }, {
    "@type" : "buttonDown",
    "timestamp" : 3085638,
    "button" : "START"
  }, {
    "@type" : "buttonUp",
    "timestamp" : 3137106,
    "button" : "START"
  }, {
    "@type" : "buttonDown",
    "timestamp" : 3455880,
    "button" : "LEFT"
  }, {
    "@type" : "buttonUp",
    "timestamp" : 3568837,
    "button" : "LEFT"
  }, {
    "@type" : "buttonDown",
    "timestamp" : 3691480,
    "button" : "START"
  }, {
    "@type" : "buttonUp",
    "timestamp" : 3736635,
    "button" : "START"
  }, {
    "@type" : "snapshot",
    "timestamp" : 4000000,
    "hash" : "0780DB322A9ECB5044C9CD9811082AE1765198F9"
  }, {
    "@type" : "buttonDown",
    "timestamp" : 4100537,
    "button" : "LEFT"
  }, {
    "@type" : "buttonUp",
    "timestamp" : 4260523,
    "button" : "LEFT"
  }, {
    "@type" : "buttonDown",
    "timestamp" : 4588015,
    "button" : "START"
  }, {
    "@type" : "buttonUp",
    "timestamp" : 4650903,
    "button" : "START"
  }, {
    "@type" : "snapshot",
    "timestamp" : 5000000,
    "hash" : "97CC3770DA481E5EF4A817CDF652C4E17F0FE9AF"
  }, {
    "@type" : "buttonDown",
    "timestamp" : 5779791,
    "button" : "START"
  }, {
    "@type" : "buttonUp",
    "timestamp" : 5820789,
    "button" : "START"
  }, {
    "@type" : "snapshot",
    "timestamp" : 6000000,
    "hash" : "7612B5FF97115BFCED1DB0D2DE5BDA492CF50E49"
  }, {
    "@type" : "snapshot",
    "timestamp" : 7000000,
    "hash" : "7612B5FF97115BFCED1DB0D2DE5BDA492CF50E49"
  }, {
    "@type" : "buttonDown",
    "timestamp" : 7586015,
    "button" : "START"
  }, {
    "@type" : "buttonUp",
    "timestamp" : 7668710,
    "button" : "START"
  }, {
    "@type" : "snapshot",
    "timestamp" : 8000000,
    "hash" : "3CE175D29709117A57E188971E37A5215DD33A21"
  }, {
    "@type" : "buttonDown",
    "timestamp" : 8237464,
    "button" : "A"
  }, {
    "@type" : "buttonDown",
    "timestamp" : 8842480,
    "button" : "LEFT"
  }, {
    "@type" : "buttonUp",
    "timestamp" : 8890625,
    "button" : "LEFT"
  }, {
    "@type" : "snapshot",
    "timestamp" : 9000000,
    "hash" : "5827A771D0D087681F86DC109A05F4B33A70928C"
  }, {
    "@type" : "buttonDown",
    "timestamp" : 9129094,
    "button" : "RIGHT"
  }, {
    "@type" : "buttonUp",
    "timestamp" : 9184894,
    "button" : "RIGHT"
  }, {
    "@type" : "buttonDown",
    "timestamp" : 9441303,
    "button" : "RIGHT"
  }, {
    "@type" : "buttonUp",
    "timestamp" : 9537111,
    "button" : "RIGHT"
  }, {
    "@type" : "buttonDown",
    "timestamp" : 9763505,
    "button" : "RIGHT"
  }, {
    "@type" : "buttonUp",
    "timestamp" : 9852226,
    "button" : "RIGHT"
  }, {
    "@type" : "snapshot",
    "timestamp" : 10000000,
    "hash" : "2CF8DC3C35685805F2AF6FF02F771ECE141F9C34"
  }, {
    "@type" : "buttonDown",
    "timestamp" : 10197856,
    "button" : "RIGHT"
  }, {
    "@type" : "buttonUp",
    "timestamp" : 10279736,
    "button" : "RIGHT"
  }, {
    "@type" : "buttonDown",
    "timestamp" : 10544800,
    "button" : "RIGHT"
  }, {
    "@type" : "buttonUp",
    "timestamp" : 10600635,
    "button" : "RIGHT"
  }, {
    "@type" : "buttonDown",
    "timestamp" : 10867347,
    "button" : "RIGHT"
  }, {
    "@type" : "buttonUp",
    "timestamp" : 10940999,
    "button" : "RIGHT"
  }, {
    "@type" : "snapshot",
    "timestamp" : 11000000,
    "hash" : "857000F66A32BD6AAB714EC372927B7FF0857C54"
  }, {
    "@type" : "buttonDown",
    "timestamp" : 11091590,
    "button" : "RIGHT"
  }, {
    "@type" : "buttonUp",
    "timestamp" : 11161420,
    "button" : "RIGHT"
  }, {
    "@type" : "buttonDown",
    "timestamp" : 11499829,
    "button" : "RIGHT"
  }, {
    "@type" : "buttonUp",
    "timestamp" : 11615251,
    "button" : "RIGHT"
  }, {
    "@type" : "buttonDown",
    "timestamp" : 11756686,
    "button" : "RIGHT"
  }, {
    "@type" : "buttonUp",
    "timestamp" : 11871586,
    "button" : "RIGHT"
  }, {
    "@type" : "snapshot",
    "timestamp" : 12000000,
    "hash" : "C5C4A866C0BA2A5DEDC803236363002056309830"
  }, {
    "@type" : "buttonDown",
    "timestamp" : 12381487,
    "button" : "RIGHT"
  }, {
    "@type" : "buttonUp",
    "timestamp" : 12508850,
    "button" : "RIGHT"
  }, {
    "@type" : "buttonDown",
    "timestamp" : 12707798,
    "button" : "RIGHT"
  }, {
    "@type" : "buttonUp",
    "timestamp" : 12848768,
    "button" : "RIGHT"
  }, {
    "@type" : "snapshot",
    "timestamp" : 13000000,
    "hash" : "E7836E6539BCC5338711518B0A8782399CFEB346"
  }, {
    "@type" : "buttonDown",
    "timestamp" : 13765853,
    "button" : "RIGHT"
  }, {
    "@type" : "buttonUp",
    "timestamp" : 13931266,
    "button" : "RIGHT"
  }, {
    "@type" : "snapshot",
    "timestamp" : 14000000,
    "hash" : "8FB800094F4F35ADB4ABDA4287E2CCBCB901C129"
  }, {
    "@type" : "buttonDown",
    "timestamp" : 14086636,
    "button" : "RIGHT"
  }, {
    "@type" : "buttonUp",
    "timestamp" : 14225684,
    "button" : "RIGHT"
  }, {
    "@type" : "buttonUp",
    "timestamp" : 14857857,
    "button" : "A"
  }, {
    "@type" : "snapshot",
    "timestamp" : 15000000,
    "hash" : "E22B3E8AC27E2982C0FE9E729A012E29A8555489"
  }, {
    "@type" : "snapshot",
    "timestamp" : 16000000,
    "hash" : "66156E391130416FDBD40DA14C0FC28FFB617CDA"
  }, {
    "@type" : "buttonDown",
    "timestamp" : 16345723,
    "button" : "A"
  }, {
    "@type" : "buttonUp",
    "timestamp" : 16466992,
    "button" : "A"
  }, {
    "@type" : "snapshot",
    "timestamp" : 17000000,
    "hash" : "360C9DF71D87CB2D1C6D54C110466F1D2F6B4725"
  }, {
    "@type" : "buttonDown",
    "timestamp" : 17053626,
    "button" : "A"
  }, {
    "@type" : "buttonUp",
    "timestamp" : 17180710,
    "button" : "A"
  }, {
    "@type" : "buttonDown",
    "timestamp" : 17549290,
    "button" : "START"
  }, {
    "@type" : "buttonUp",
    "timestamp" : 17628835,
    "button" : "START"
  }, {
    "@type" : "snapshot",
    "timestamp" : 18000000,
    "hash" : "360C9DF71D87CB2D1C6D54C110466F1D2F6B4725"
  }, {
    "@type" : "buttonDown",
    "timestamp" : 18444999,
    "button" : "A"
  }, {
    "@type" : "buttonUp",
    "timestamp" : 18525120,
    "button" : "A"
  }, {
    "@type" : "snapshot",
    "timestamp" : 19000000,
    "hash" : "360C9DF71D87CB2D1C6D54C110466F1D2F6B4725"
  }, {
    "@type" : "buttonDown",
    "timestamp" : 19517028,
    "button" : "START"
  }, {
    "@type" : "buttonUp",
    "timestamp" : 19570856,
    "button" : "START"
  }, {
    "@type" : "buttonDown",
    "timestamp" : 19974858,
    "button" : "RIGHT"
  }, {
    "@type" : "snapshot",
    "timestamp" : 20000000,
    "hash" : "9AE57768919C114A27DD4C1C5BF351D27426F7A3"
  }, {
    "@type" : "buttonUp",
    "timestamp" : 20084348,
    "button" : "RIGHT"
  }, {
    "@type" : "buttonDown",
    "timestamp" : 20582281,
    "button" : "A"
  }, {
    "@type" : "buttonUp",
    "timestamp" : 20640320,
    "button" : "A"
  }, {
    "@type" : "buttonDown",
    "timestamp" : 20729706,
    "button" : "RIGHT"
  }, {
    "@type" : "buttonUp",
    "timestamp" : 20843690,
    "button" : "RIGHT"
  }, {
    "@type" : "snapshot",
    "timestamp" : 21000000,
    "hash" : "B94D419C691CA5A7CA8B0E4955A08BF854E2DE75"
  }, {
    "@type" : "buttonDown",
    "timestamp" : 21006511,
    "button" : "RIGHT"
  }, {
    "@type" : "buttonUp",
    "timestamp" : 21098878,
    "button" : "RIGHT"
  }, {
    "@type" : "buttonDown",
    "timestamp" : 21207858,
    "button" : "RIGHT"
  }, {
    "@type" : "buttonUp",
    "timestamp" : 21287764,
    "button" : "RIGHT"
  }, {
    "@type" : "buttonDown",
    "timestamp" : 21463004,
    "button" : "RIGHT"
  }, {
    "@type" : "buttonUp",
    "timestamp" : 21541415,
    "button" : "RIGHT"
  }, {
    "@type" : "buttonDown",
    "timestamp" : 21846500,
    "button" : "A"
  }, {
    "@type" : "buttonUp",
    "timestamp" : 21917672,
    "button" : "A"
  }, {
    "@type" : "snapshot",
    "timestamp" : 22000000,
    "hash" : "66070C5D7BB4F4B6D226EE2CECA2DB32A0D9B180"
  }, {
    "@type" : "buttonDown",
    "timestamp" : 22033806,
    "button" : "RIGHT"
  }, {
    "@type" : "buttonUp",
    "timestamp" : 22285318,
    "button" : "RIGHT"
  }, {
    "@type" : "buttonDown",
    "timestamp" : 22370216,
    "button" : "RIGHT"
  }, {
    "@type" : "buttonUp",
    "timestamp" : 22715183,
    "button" : "RIGHT"
  }, {
    "@type" : "buttonDown",
    "timestamp" : 22961803,
    "button" : "A"
  }, {
    "@type" : "snapshot",
    "timestamp" : 23000000,
    "hash" : "2B3CA5668F5B70F34FD1562713A11164451395C2"
  }, {
    "@type" : "buttonUp",
    "timestamp" : 23041876,
    "button" : "A"
  }, {
    "@type" : "buttonDown",
    "timestamp" : 23922375,
    "button" : "START"
  }, {
    "@type" : "buttonUp",
    "timestamp" : 23983188,
    "button" : "START"
  }, {
    "@type" : "snapshot",
    "timestamp" : 24000000,
    "hash" : "3CE175D29709117A57E188971E37A5215DD33A21"
  }, {
    "@type" : "snapshot",
    "timestamp" : 25000000,
    "hash" : "1B2817D2D73B02F5D9AEE58C915F3E12A55C952B"
  }, {
    "@type" : "buttonDown",
    "timestamp" : 25291909,
    "button" : "START"
  }, {
    "@type" : "buttonUp",
    "timestamp" : 25351087,
    "button" : "START"
  }, {
    "@type" : "snapshot",
    "timestamp" : 26000000,
    "hash" : "B9C3708D5D6F72A352E0BA16AFFEC0D4E84FFF97"
  }, {
    "@type" : "buttonDown",
    "timestamp" : 26345261,
    "button" : "START"
  }, {
    "@type" : "buttonUp",
    "timestamp" : 26405667,
    "button" : "START"
  }, {
    "@type" : "snapshot",
    "timestamp" : 27000000,
    "hash" : "5D4F3E31C4BF4A609826FF90E22F9E52A4D263CB"
  }, {
    "@type" : "close",
    "timestamp" : 27601019
  } ]
}