{
  "romHash" : "C7FD43041FC139DC8440C95C28A0115DC79E2691",
  "stimuli" : [ {
    "@type" : "snapshot",
    "timestamp" : 1000000,
    "hash" : "EED658F245DB5C98F2BA43EFEE6867C71B04200B"
  }, {
    "@type" : "snapshot",
    "timestamp" : 2000000,
    "hash" : "EED658F245DB5C98F2BA43EFEE6867C71B04200B"
  }, {
    "@type" : "snapshot",
    "timestamp" : 3000000,
    "hash" : "E5B550848A64C8BEE0AE6B342FD765CC0F854A28"
  }, {
    "@type" : "buttonDown",
    "timestamp" : 3085638,
    "button" : "START"
  }, {
    "@type" : "buttonUp",
    "timestamp" : 3137106,
    "button" : "START"
  }, {
    "@type" : "buttonDown",
    "timestamp" : 3455880,
    "button" : "LEFT"
  }, {
    "@type" : "buttonUp",
    "timestamp" : 3568837,
    "button" : "LEFT"
  }, {
    "@type" : "buttonDown",
    "timestamp" : 3691480,
    "button" : "START"
  }, {
    "@type" : "buttonUp",
    "timestamp" : 3736635,
    "button" : "START"
  }, {
    "@type" : "snapshot",
    "timestamp" : 4000000,
    "hash" : "D77FD05F3F749ECB7EBB85475ABC64AD78408613"
  }, {
    "@type" : "buttonDown",
    "timestamp" : 4100537,
    "button" : "LEFT"
  }, {
    "@type" : "buttonUp",
    "timestamp" : 4260523,
    "button" : "LEFT"
  }, {
    "@type" : "buttonDown",
    "timestamp" : 4588015,
    "button" : "START"
  }, {
    "@type" : "buttonUp",
    "timestamp" : 4650903,
    "button" : "START"
  }, {
    "@type" : "snapshot",
    "timestamp" : 5000000,
    "hash" : "A3CC501A5A4C0403D54B1A10CF319FCFF15D2533"
  }, {
    "@type" : "buttonDown",
    "timestamp" : 5779791,
    "button" : "START"
  }, {
    "@type" : "buttonUp",
    "timestamp" : 5820789,
    "button" : "START"
  }, {
    "@type" : "snapshot",
    "timestamp" : 6000000,
    "hash" : "83394667312C3C3FAC548F00CF225628E0EF9C9C"
  }, {
    "@type" : "snapshot",
    "timestamp" : 7000000,
    "hash" : "83394667312C3C3FAC548F00CF225628E0EF9C9C"
  }, {
    "@type" : "buttonDown",
    "timestamp" : 7586015,
    "button" : "START"
  }, {
    "@type" : "buttonUp",
    "timestamp" : 7668710,
    "button" : "START"
  }, {
    "@type" : "snapshot",
    "timestamp" : 8000000,
    "hash" : "4B10B712126CF7996199ADF78474D3B88C434450"
  }, {
    "@type" : "buttonDown",
    "timestamp" : 8237464,
    "button" : "A"
  }, {
    "@type" : "buttonDown",
    "timestamp" : 8842480,
    "button" : "LEFT"
  }, {
    "@type" : "buttonUp",
    "timestamp" : 8890625,
    "button" : "LEFT"
  }, {
    "@type" : "snapshot",
    "timestamp" : 9000000,
    "hash" : "A7EB0ED884E252E5AC1FC43E64269AD14E724F91"
  }, {
    "@type" : "buttonDown",
    "timestamp" : 9129094,
    "button" : "RIGHT"
  }, {
    "@type" : "buttonUp",
    "timestamp" : 9184894,
    "button" : "RIGHT"
  }, {
    "@type" : "buttonDown",
    "timestamp" : 9441303,
    "button" : "RIGHT"
  }, {
    "@type" : "buttonUp",
    "timestamp" : 9537111,
    "button" : "RIGHT"
  }, {
    "@type" : "buttonDown",
    "timestamp" : 9763505,
    "button" : "RIGHT"
  }, {
    "@type" : "buttonUp",
    "timestamp" : 9852226,
    "button" : "RIGHT"
  }, {
    "@type" : "snapshot",
    "timestamp" : 10000000,
    "hash" : "7DF1780A606DAD43FF10634A6EA7100E56AED6A7"
  }, {
    "@type" : "buttonDown",
    "timestamp" : 10197856,
    "button" : "RIGHT"
  }, {
    "@type" : "buttonUp",
    "timestamp" : 10279736,
    "button" : "RIGHT"
  }, {
    "@type" : "buttonDown",
    "timestamp" : 10544800,
    "button" : "RIGHT"
  }, {
    "@type" : "buttonUp",
    "timestamp" : 10600635,
    "button" : "RIGHT"
  }, {
    "@type" : "buttonDown",
    "timestamp" : 10867347,
    "button" : "RIGHT"
  }, {
    "@type" : "buttonUp",
    "timestamp" : 10940999,
    "button" : "RIGHT"
  }, {
    "@type" : "snapshot",
    "timestamp" : 11000000,
    "hash" : "69E88BCBE1C0DC05E19D066B45949E8582AC7E55"
  }, {
    "@type" : "buttonDown",
    "timestamp" : 11091590,
    "button" : "RIGHT"
  }, {
    "@type" : "buttonUp",
    "timestamp" : 11161420,
    "button" : "RIGHT"
  }, {
    "@type" : "buttonDown",
    "timestamp" : 11499829,
    "button" : "RIGHT"
  }, {
    "@type" : "buttonUp",
    "timestamp" : 11615251,
    "button" : "RIGHT"
  }, {
    "@type" : "buttonDown",
    "timestamp" : 11756686,
    "button" : "RIGHT"
  }, {
    "@type" : "buttonUp",
    "timestamp" : 11871586,
    "button" : "RIGHT"
  }, {
    "@type" : "snapshot",
    "timestamp" : 12000000,
    "hash" : "375C3FD17B07BEDEECC471CF6B55EAB47181656E"
  }, {
    "@type" : "buttonDown",
    "timestamp" : 12381487,
    "button" : "RIGHT"
  }, {
    "@type" : "buttonUp",
    "timestamp" : 12508850,
    "button" : "RIGHT"
  }, {
    "@type" : "buttonDown",
    "timestamp" : 12707798,
    "button" : "RIGHT"
  }, {
    "@type" : "buttonUp",
    "timestamp" : 12848768,
    "button" : "RIGHT"
  }, {
    "@type" : "snapshot",
    "timestamp" : 13000000,
    "hash" : "F101FE469A873F97412473682FC4AFE8CE10A96E"
  }, {
    "@type" : "buttonDown",
    "timestamp" : 13765853,
    "button" : "RIGHT"
  }, {
    "@type" : "buttonUp",
    "timestamp" : 13931266,
    "button" : "RIGHT"
  }, {
    "@type" : "snapshot",
    "timestamp" : 14000000,
    "hash" : "882268B9DCC6B0D215464520EBDA19048B10F9EF"
  }, {
    "@type" : "buttonDown",
    "timestamp" : 14086636,
    "button" : "RIGHT"
  }, {
    "@type" : "buttonUp",
    "timestamp" : 14225684,
    "button" : "RIGHT"
  }, {
    "@type" : "buttonUp",
    "timestamp" : 14857857,
    "button" : "A"
  }, {
    "@type" : "snapshot",
    "timestamp" : 15000000,
    "hash" : "B9B0B854BB6CAFC08632BD7653BE051DBB8234C7"
  }, {
    "@type" : "snapshot",
    "timestamp" : 16000000,
    "hash" : "48B0230CCA36BFF3C772E84A890C250784F50721"
  }, {
    "@type" : "buttonDown",
    "timestamp" : 16345723,
    "button" : "A"
  }, {
    "@type" : "buttonUp",
    "timestamp" : 16466992,
    "button" : "A"
  }, {
    "@type" : "snapshot",
    "timestamp" : 17000000,
    "hash" : "6C49B79F862F1DD38DC603555196D47EA7BADDC5"
  }, {
    "@type" : "buttonDown",
    "timestamp" : 17053626,
    "button" : "A"
  }, {
    "@type" : "buttonUp",
    "timestamp" : 17180710,
    "button" : "A"
  }, {
    "@type" : "buttonDown",
    "timestamp" : 17549290,
    "button" : "START"
  }, {
    "@type" : "buttonUp",
    "timestamp" : 17628835,
    "button" : "START"
  }, {
    "@type" : "snapshot",
    "timestamp" : 18000000,
    "hash" : "6C49B79F862F1DD38DC603555196D47EA7BADDC5"
  }, {
    "@type" : "buttonDown",
    "timestamp" : 18444999,
    "button" : "A"
  }, {
    "@type" : "buttonUp",
    "timestamp" : 18525120,
    "button" : "A"
  }, {
    "@type" : "snapshot",
    "timestamp" : 19000000,
    "hash" : "6C49B79F862F1DD38DC603555196D47EA7BADDC5"
  }, {
    "@type" : "buttonDown",
    "timestamp" : 19517028,
    "button" : "START"
  }, {
    "@type" : "buttonUp",
    "timestamp" : 19570856,
    "button" : "START"
  }, {
    "@type" : "buttonDown",
    "timestamp" : 19974858,
    "button" : "RIGHT"
  }, {
    "@type" : "snapshot",
    "timestamp" : 20000000,
    "hash" : "3BDD6300888A691406367CBF564BCE7DA210C328"
  }, {
    "@type" : "buttonUp",
    "timestamp" : 20084348,
    "button" : "RIGHT"
  }, {
    "@type" : "buttonDown",
    "timestamp" : 20582281,
    "button" : "A"
  }, {
    "@type" : "buttonUp",
    "timestamp" : 20640320,
    "button" : "A"
  }, {
    "@type" : "buttonDown",
    "timestamp" : 20729706,
    "button" : "RIGHT"
  }, {
    "@type" : "buttonUp",
    "timestamp" : 20843690,
    "button" : "RIGHT"
  }, {
    "@type" : "snapshot",
    "timestamp" : 21000000,
    "hash" : "D8FEF4666819ED468CF6AA66BD3404E004A13874"
  }, {
    "@type" : "buttonDown",
    "timestamp" : 21006511,
    "button" : "RIGHT"
  }, {
    "@type" : "buttonUp",
    "timestamp" : 21098878,
    "button" : "RIGHT"
  }, {
    "@type" : "buttonDown",
    "timestamp" : 21207858,
    "button" : "RIGHT"
  }, {
    "@type" : "buttonUp",
    "timestamp" : 21287764,
    "button" : "RIGHT"
  }, {
    "@type" : "buttonDown",
    "timestamp" : 21463004,
    "button" : "RIGHT"
  }, {
    "@type" : "buttonUp",
    "timestamp" : 21541415,
    "button" : "RIGHT"
  }, {
    "@type" : "buttonDown",
    "timestamp" : 21846500,
    "button" : "A"
  }, {
    "@type" : "buttonUp",
    "timestamp" : 21917672,
    "button" : "A"
  }, {
    "@type" : "snapshot",
    "timestamp" : 22000000,
    "hash" : "4DD9F16DADCBF70D6073DEC03C04A45EF489BA1F"
  }, {
    "@type" : "buttonDown",
    "timestamp" : 22033806,
    "button" : "RIGHT"
  }, {
    "@type" : "buttonUp",
    "timestamp" : 22285318,
    "button" : "RIGHT"
  }, {
    "@type" : "buttonDown",
    "timestamp" : 22370216,
    "button" : "RIGHT"
  }, {
    "@type" : "buttonUp",
    "timestamp" : 22715183,
    "button" : "RIGHT"
  }, {
    "@type" : "buttonDown",
    "timestamp" : 22961803,
    "button" : "A"
  }, {
    "@type" : "snapshot",
    "timestamp" : 23000000,
    "hash" : "CA6676373641BFB971E189331D00AA903CED5E3B"
  }, {
    "@type" : "buttonUp",
    "timestamp" : 23041876,
    "button" : "A"
  }, {
    "@type" : "buttonDown",
    "timestamp" : 23922375,
    "button" : "START"
  }, {
    "@type" : "buttonUp",
    "timestamp" : 23983188,
    "button" : "START"
  }, {
    "@type" : "snapshot",
    "timestamp" : 24000000,
    "hash" : "4B10B712126CF7996199ADF78474D3B88C434450"
  }, {
    "@type" : "snapshot",
    "timestamp" : 25000000,
    "hash" : "E3D70C508C08D23CB9CC8BD353923C66D4604E1C"
  }, {
    "@type" : "buttonDown",
    "timestamp" : 25291909,
    "button" : "START"
  }, {
    "@type" : "buttonUp",
    "timestamp" : 25351087,
    "button" : "START"
  }, {
    "@type" : "snapshot",
    "timestamp" : 26000000,
    "hash" : "C37425D1014258DC81061EC06D96884AF469CEC2"
  }, {
    "@type" : "buttonDown",
    "timestamp" : 26345261,
    "button" : "START"
  }, {
    "@type" : "buttonUp",
    "timestamp" : 26405667,
    "button" : "START"
  }, {
    "@type" : "snapshot",
    "timestamp" : 27000000,
    "hash" : "E910A9642A572BE45F0155D4265E6174F32CF485"
  }, {
    "@type" : "close",
    "timestamp" : 27601019
  } ]
}