{
  "romHash" : "847D56E43754E402666A91188520737094E9ECFA",
  "stimuli" : [ {
    "@type" : "snapshot",
    "timestamp" : 1000000,
    "hash" : "FC42F4D74C2E957FE7F13E1F2446EEA687C75935"
  }, {
    "@type" : "buttonDown",
    "timestamp" : 1208257,
    "button" : "START"
  }, {
    "@type" : "buttonUp",
    "timestamp" : 1269096,
    "button" : "START"
  }, {
    "@type" : "buttonDown",
    "timestamp" : 1978059,
    "button" : "A"
  }, {
    "@type" : "snapshot",
    "timestamp" : 2000000,
    "hash" : "FC42F4D74C2E957FE7F13E1F2446EEA687C75935"
  }, {
    "@type" : "buttonUp",
    "timestamp" : 2066605,
    "button" : "A"
  }, {
    "@type" : "buttonDown",
    "timestamp" : 2794442,
    "button" : "START"
  }, {
    "@type" : "buttonUp",
    "timestamp" : 2861029,
    "button" : "START"
  }, {
    "@type" : "snapshot",
    "timestamp" : 3000000,
    "hash" : "AFBDB2537880D87AA487600B2749611BFDCDD5CD"
  }, {
    "@type" : "snapshot",
    "timestamp" : 4000000,
    "hash" : "AFBDB2537880D87AA487600B2749611BFDCDD5CD"
  }, {
    "@type" : "snapshot",
    "timestamp" : 5000000,
    "hash" : "A7988F1E141329654A3321E395712CE89DE89A49"
  }, {
    "@type" : "buttonDown",
    "timestamp" : 5076174,
    "button" : "RIGHT"
  }, {
    "@type" : "buttonUp",
    "timestamp" : 5485910,
    "button" : "RIGHT"
  }, {
    "@type" : "buttonDown",
    "timestamp" : 5539670,
    "button" : "UP"
  }, {
    "@type" : "buttonUp",
    "timestamp" : 5587572,
    "button" : "UP"
  }, {
    "@type" : "snapshot",
    "timestamp" : 6000000,
    "hash" : "473873051D1E5A27B03785765962668502FF1503"
  }, {
    "@type" : "buttonDown",
    "timestamp" : 6819690,
    "button" : "LEFT"
  }, {
    "@type" : "snapshot",
    "timestamp" : 7000000,
    "hash" : "39FB6FFD3A24382C9FFEEE14211B611CCE59E712"
  }, {
    "@type" : "buttonUp",
    "timestamp" : 7098062,
    "button" : "LEFT"
  }, {
    "@type" : "buttonDown",
    "timestamp" : 7256568,
    "button" : "LEFT"
  }, {
    "@type" : "snapshot",
    "timestamp" : 8000000,
    "hash" : "1949E48ED56F224C6EAD076BE5D9B9DEB2DD4C4E"
  }, {
    "@type" : "buttonUp",
    "timestamp" : 8029036,
    "button" : "LEFT"
  }, {
    "@type" : "buttonDown",
    "timestamp" : 8101022,
    "button" : "UP"
  }, {
    "@type" : "buttonUp",
    "timestamp" : 8424361,
    "button" : "UP"
  }, {
    "@type" : "snapshot",
    "timestamp" : 9000000,
    "hash" : "07EF49B647F9168CAA0612C18818CF802F55A064"
  }, {
    "@type" : "buttonDown",
    "timestamp" : 9745051,
    "button" : "LEFT"
  }, {
    "@type" : "snapshot",
    "timestamp" : 10000000,
    "hash" : "4A14E0B13FC827D979CB8B89FB725D92F31246DE"
  }, {
    "@type" : "buttonDown",
    "timestamp" : 10104698,
    "button" : "A"
  }, {
    "@type" : "buttonUp",
    "timestamp" : 10197571,
    "button" : "A"
  }, {
    "@type" : "buttonUp",
    "timestamp" : 10260771,
    "button" : "LEFT"
  }, {
    "@type" : "buttonDown",
    "timestamp" : 10407909,
    "button" : "UP"
  }, {
    "@type" : "buttonUp",
    "timestamp" : 10891112,
    "button" : "UP"
  }, {
    "@type" : "buttonDown",
    "timestamp" : 10956952,
    "button" : "B"
  }, {
    "@type" : "snapshot",
    "timestamp" : 11000000,
    "hash" : "8D02633825B52FB8274B2BC217B380C52EE5B038"
  }, {
    "@type" : "buttonUp",
    "timestamp" : 11018348,
    "button" : "B"
  }, {
    "@type" : "buttonDown",
    "timestamp" : 11217006,
    "button" : "B"
  }, {
    "@type" : "buttonUp",
    "timestamp" : 11300705,
    "button" : "B"
  }, {
    "@type" : "buttonDown",
    "timestamp" : 11505226,
    "button" : "A"
  }, {
    "@type" : "buttonUp",
    "timestamp" : 11566754,
    "button" : "A"
  }, {
    "@type" : "buttonDown",
    "timestamp" : 11837310,
    "button" : "RIGHT"
  }, {
    "@type" : "snapshot",
    "timestamp" : 12000000,
    "hash" : "D724DD57848B1DE511F76315832EC4A3A30B07E0"
  }, {
    "@type" : "buttonUp",
    "timestamp" : 12284400,
    "button" : "RIGHT"
  }, {
    "@type" : "close",
    "timestamp" : 12594026
  } ]
}