{
  "romHash" : "847D56E43754E402666A91188520737094E9ECFA",
  "stimuli" : [ {
    "@type" : "snapshot",
    "timestamp" : 1000000,
    "hash" : "FC42F4D74C2E957FE7F13E1F2446EEA687C75935"
  }, {
    "@type" : "buttonDown",
    "timestamp" : 1978034,
    "button" : "START"
  }, {
    "@type" : "snapshot",
    "timestamp" : 2000000,
    "hash" : "8C63A5C4DCBC775CF0FC243AED2CD51A63ECF0B2"
  }, {
    "@type" : "buttonUp",
    "timestamp" : 2079634,
    "button" : "START"
  }, {
    "@type" : "snapshot",
    "timestamp" : 3000000,
    "hash" : "AFBDB2537880D87AA487600B2749611BFDCDD5CD"
  }, {
    "@type" : "snapshot",
    "timestamp" : 4000000,
    "hash" : "2CE47A5F24A2080B412AA8E25F3F9DFE3C943C5B"
  }, {
    "@type" : "buttonDown",
    "timestamp" : 4094095,
    "button" : "RIGHT"
  }, {
    "@type" : "buttonDown",
    "timestamp" : 4521941,
    "button" : "UP"
  }, {
    "@type" : "buttonUp",
    "timestamp" : 4527104,
    "button" : "RIGHT"
  }, {
    "@type" : "buttonUp",
    "timestamp" : 4583998,
    "button" : "UP"
  }, {
    "@type" : "snapshot",
    "timestamp" : 5000000,
    "hash" : "005AF52AC2D4690CE536EB7AF2B4A3E587111516"
  }, {
    "@type" : "snapshot",
    "timestamp" : 6000000,
    "hash" : "9635DAA6FBC832A4CC00F5B0E02DC65AD7B696C3"
  }, {
    "@type" : "buttonDown",
    "timestamp" : 6161830,
    "button" : "LEFT"
  }, {
    "@type" : "snapshot",
    "timestamp" : 7000000,
    "hash" : "280F3DFACEE2E89FA2A815302F4DAB90C62E999D"
  }, {
    "@type" : "buttonUp",
    "timestamp" : 7265991,
    "button" : "LEFT"
  }, {
    "@type" : "buttonDown",
    "timestamp" : 7270683,
    "button" : "UP"
  }, {
    "@type" : "buttonUp",
    "timestamp" : 7752388,
    "button" : "UP"
  }, {
    "@type" : "snapshot",
    "timestamp" : 8000000,
    "hash" : "B2E82E7C69B53B9CAF13152FB7FC3E4CF25E1F51"
  }, {
    "@type" : "buttonDown",
    "timestamp" : 8706021,
    "button" : "LEFT"
  }, {
    "@type" : "snapshot",
    "timestamp" : 9000000,
    "hash" : "05D333B27C541640E33E16DCB36C02F2108FFB27"
  }, {
    "@type" : "buttonUp",
    "timestamp" : 9494317,
    "button" : "LEFT"
  }, {
    "@type" : "buttonDown",
    "timestamp" : 9551659,
    "button" : "UP"
  }, {
    "@type" : "buttonUp",
    "timestamp" : 9967795,
    "button" : "UP"
  }, {
    "@type" : "snapshot",
    "timestamp" : 10000000,
    "hash" : "4BEB37F3CB9B92FEF13E42A7980E3B26D11AABC0"
  }, {
    "@type" : "buttonDown",
    "timestamp" : 10044181,
    "button" : "A"
  }, {
    "@type" : "buttonUp",
    "timestamp" : 10131268,
    "button" : "A"
  }, {
    "@type" : "close",
    "timestamp" : 10647737
  } ]
}