{
  "romHash" : "847D56E43754E402666A91188520737094E9ECFA",
  "stimuli" : [ {
    "@type" : "snapshot",
    "timestamp" : 1000000,
    "hash" : "21EB4B4B170BF50B7D880010ECDE732B24C4B3DA"
  }, {
    "@type" : "buttonDown",
    "timestamp" : 1978034,
    "button" : "START"
  }, {
    "@type" : "snapshot",
    "timestamp" : 2000000,
    "hash" : "8C63A5C4DCBC775CF0FC243AED2CD51A63ECF0B2"
  }, {
    "@type" : "buttonUp",
    "timestamp" : 2079634,
    "button" : "START"
  }, {
    "@type" : "snapshot",
    "timestamp" : 3000000,
    "hash" : "644230FE610C624FD95B5A2E00938D2926646A04"
  }, {
    "@type" : "snapshot",
    "timestamp" : 4000000,
    "hash" : "5EFCA9C274798CAEE07079AB15395A5630C42A65"
  }, {
    "@type" : "buttonDown",
    "timestamp" : 4094095,
    "button" : "RIGHT"
  }, {
    "@type" : "buttonDown",
    "timestamp" : 4521941,
    "button" : "UP"
  }, {
    "@type" : "buttonUp",
    "timestamp" : 4527104,
    "button" : "RIGHT"
  }, {
    "@type" : "buttonUp",
    "timestamp" : 4583998,
    "button" : "UP"
  }, {
    "@type" : "snapshot",
    "timestamp" : 5000000,
    "hash" : "8B8ED2D76AA8EC838C0513EC4C558B16997748E5"
  }, {
    "@type" : "snapshot",
    "timestamp" : 6000000,
    "hash" : "64A073E2B400712621FE00EC9169E923C6E4F617"
  }, {
    "@type" : "buttonDown",
    "timestamp" : 6161830,
    "button" : "LEFT"
  }, {
    "@type" : "snapshot",
    "timestamp" : 7000000,
    "hash" : "7533B8E3F0B729A1D732EC43BD0A5C88D7E2863A"
  }, {
    "@type" : "buttonUp",
    "timestamp" : 7265991,
    "button" : "LEFT"
  }, {
    "@type" : "buttonDown",
    "timestamp" : 7270683,
    "button" : "UP"
  }, {
    "@type" : "buttonUp",
    "timestamp" : 7752388,
    "button" : "UP"
  }, {
    "@type" : "snapshot",
    "timestamp" : 8000000,
    "hash" : "2F3A6030A0F5CAC83F8F2392EE2D3B0C4E6805A2"
  }, {
    "@type" : "buttonDown",
    "timestamp" : 8706021,
    "button" : "LEFT"
  }, {
    "@type" : "snapshot",
    "timestamp" : 9000000,
    "hash" : "E5A87A9F9AACE148BB906560D18A63F958A5CA1B"
  }, {
    "@type" : "buttonUp",
    "timestamp" : 9494317,
    "button" : "LEFT"
  }, {
    "@type" : "buttonDown",
    "timestamp" : 9551659,
    "button" : "UP"
  }, {
    "@type" : "buttonUp",
    "timestamp" : 9967795,
    "button" : "UP"
  }, {
    "@type" : "snapshot",
    "timestamp" : 10000000,
    "hash" : "E20C80B1C9B440A0BED30636D16CCCAEA78962AB"
  }, {
    "@type" : "buttonDown",
    "timestamp" : 10044181,
    "button" : "A"
  }, {
    "@type" : "buttonUp",
    "timestamp" : 10131268,
    "button" : "A"
  }, {
    "@type" : "close",
    "timestamp" : 10647737
  } ]
}