{
  "romHash" : "118307DA6C77A592F0884BAAD14120301D8D3A1B",
  "stimuli" : [ {
    "@type" : "snapshot",
    "timestamp" : 1000000,
    "hash" : "2C2933634D1F71AB72B23E81C6D7488DCCA5C4BB"
  }, {
    "@type" : "buttonDown",
    "timestamp" : 1146070,
    "button" : "START"
  }, {
    "@type" : "buttonUp",
    "timestamp" : 1206745,
    "button" : "START"
  }, {
    "@type" : "snapshot",
    "timestamp" : 2000000,
    "hash" : "9B66CF6A024FC23E4D3BF2ED1909887CF79EA387"
  }, {
    "@type" : "buttonDown",
    "timestamp" : 2431972,
    "button" : "START"
  }, {
    "@type" : "buttonUp",
    "timestamp" : 2483487,
    "button" : "START"
  }, {
    "@type" : "buttonDown",
    "timestamp" : 2978195,
    "button" : "START"
  }, {
    "@type" : "snapshot",
    "timestamp" : 3000000,
    "hash" : "41B12883F348272A14CD115E5B061CA960E494DE"
  }, {
    "@type" : "buttonUp",
    "timestamp" : 3035275,
    "button" : "START"
  }, {
    "@type" : "buttonDown",
    "timestamp" : 3701336,
    "button" : "START"
  }, {
    "@type" : "buttonUp",
    "timestamp" : 3758908,
    "button" : "START"
  }, {
    "@type" : "snapshot",
    "timestamp" : 4000000,
    "hash" : "5A8C6EFC434822440F4F2744F8F76F7EF0B98630"
  }, {
    "@type" : "snapshot",
    "timestamp" : 5000000,
    "hash" : "19702DC6A7C3AA61738A0E25DE778B332F135DF8"
  }, {
    "@type" : "buttonDown",
    "timestamp" : 5386083,
    "button" : "A"
  }, {
    "@type" : "buttonUp",
    "timestamp" : 5465270,
    "button" : "A"
  }, {
    "@type" : "snapshot",
    "timestamp" : 6000000,
    "hash" : "3DE5BBF718EDC29F16D4556D4F7497453E569DB8"
  }, {
    "@type" : "snapshot",
    "timestamp" : 7000000,
    "hash" : "A70D08F5805F2638F6C89BA85324975BCC87D244"
  }, {
    "@type" : "buttonDown",
    "timestamp" : 7121371,
    "button" : "LEFT"
  }, {
    "@type" : "buttonUp",
    "timestamp" : 7160086,
    "button" : "LEFT"
  }, {
    "@type" : "buttonDown",
    "timestamp" : 7207203,
    "button" : "LEFT"
  }, {
    "@type" : "buttonUp",
    "timestamp" : 7270570,
    "button" : "LEFT"
  }, {
    "@type" : "buttonDown",
    "timestamp" : 7321437,
    "button" : "LEFT"
  }, {
    "@type" : "buttonUp",
    "timestamp" : 7400265,
    "button" : "LEFT"
  }, {
    "@type" : "buttonDown",
    "timestamp" : 7444004,
    "button" : "UP"
  }, {
    "@type" : "buttonUp",
    "timestamp" : 7501394,
    "button" : "UP"
  }, {
    "@type" : "snapshot",
    "timestamp" : 8000000,
    "hash" : "1693DCD7B172DF04DC834986521775699BDB0F6A"
  }, {
    "@type" : "buttonDown",
    "timestamp" : 8315371,
    "button" : "RIGHT"
  }, {
    "@type" : "buttonUp",
    "timestamp" : 8332911,
    "button" : "RIGHT"
  }, {
    "@type" : "buttonDown",
    "timestamp" : 8388591,
    "button" : "RIGHT"
  }, {
    "@type" : "buttonUp",
    "timestamp" : 8428314,
    "button" : "RIGHT"
  }, {
    "@type" : "buttonDown",
    "timestamp" : 8473526,
    "button" : "RIGHT"
  }, {
    "@type" : "buttonUp",
    "timestamp" : 8518887,
    "button" : "RIGHT"
  }, {
    "@type" : "buttonDown",
    "timestamp" : 8586049,
    "button" : "RIGHT"
  }, {
    "@type" : "buttonUp",
    "timestamp" : 8615278,
    "button" : "RIGHT"
  }, {
    "@type" : "buttonDown",
    "timestamp" : 8675289,
    "button" : "RIGHT"
  }, {
    "@type" : "buttonUp",
    "timestamp" : 8705920,
    "button" : "RIGHT"
  }, {
    "@type" : "buttonDown",
    "timestamp" : 8750408,
    "button" : "RIGHT"
  }, {
    "@type" : "snapshot",
    "timestamp" : 9000000,
    "hash" : "9E5B8354AE4070A297728405CB9D5237A1CD012D"
  }, {
    "@type" : "buttonUp",
    "timestamp" : 9968446,
    "button" : "RIGHT"
  }, {
    "@type" : "buttonDown",
    "timestamp" : 9971758,
    "button" : "A"
  }, {
    "@type" : "buttonUp",
    "timestamp" : 9990669,
    "button" : "A"
  }, {
    "@type" : "snapshot",
    "timestamp" : 10000000,
    "hash" : "01D91D02E647EDC119025EB3FF6FE1CE4ABD202B"
  }, {
    "@type" : "buttonDown",
    "timestamp" : 10011401,
    "button" : "B"
  }, {
    "@type" : "buttonUp",
    "timestamp" : 10268100,
    "button" : "B"
  }, {
    "@type" : "buttonDown",
    "timestamp" : 10374390,
    "button" : "DOWN"
  }, {
    "@type" : "buttonUp",
    "timestamp" : 10453701,
    "button" : "DOWN"
  }, {
    "@type" : "snapshot",
    "timestamp" : 11000000,
    "hash" : "186E7D82BBB1AC35CDB582BC2CCEFAC8090AEE0F"
  }, {
    "@type" : "buttonDown",
    "timestamp" : 11204274,
    "button" : "A"
  }, {
    "@type" : "buttonDown",
    "timestamp" : 11310735,
    "button" : "RIGHT"
  }, {
    "@type" : "buttonUp",
    "timestamp" : 11350085,
    "button" : "A"
  }, {
    "@type" : "buttonDown",
    "timestamp" : 11351980,
    "button" : "B"
  }, {
    "@type" : "buttonUp",
    "timestamp" : 11419730,
    "button" : "B"
  }, {
    "@type" : "buttonDown",
    "timestamp" : 11544639,
    "button" : "B"
  }, {
    "@type" : "buttonUp",
    "timestamp" : 11556509,
    "button" : "RIGHT"
  }, {
    "@type" : "buttonUp",
    "timestamp" : 11638197,
    "button" : "B"
  }, {
    "@type" : "snapshot",
    "timestamp" : 12000000,
    "hash" : "10741A5B194CFA0199EF0EDF70F3EA5AE1306D8D"
  }, {
    "@type" : "close",
    "timestamp" : 12298316
  } ]
}