{
  "romHash" : "118307DA6C77A592F0884BAAD14120301D8D3A1B",
  "stimuli" : [ {
    "@type" : "snapshot",
    "timestamp" : 1000000,
    "hash" : "7E9FDE97C0E9A077ABAADC8E9D50D2DC07E1B6D0"
  }, {
    "@type" : "buttonDown",
    "timestamp" : 1146070,
    "button" : "START"
  }, {
    "@type" : "buttonUp",
    "timestamp" : 1206745,
    "button" : "START"
  }, {
    "@type" : "snapshot",
    "timestamp" : 2000000,
    "hash" : "E103812E70AF45E1DD17E05D57A8DE98D753A47B"
  }, {
    "@type" : "buttonDown",
    "timestamp" : 2431972,
    "button" : "START"
  }, {
    "@type" : "buttonUp",
    "timestamp" : 2483487,
    "button" : "START"
  }, {
    "@type" : "buttonDown",
    "timestamp" : 2978195,
    "button" : "START"
  }, {
    "@type" : "snapshot",
    "timestamp" : 3000000,
    "hash" : "5757352803C5B8D5FB6964F6096DF8D542CF64D2"
  }, {
    "@type" : "buttonUp",
    "timestamp" : 3035275,
    "button" : "START"
  }, {
    "@type" : "buttonDown",
    "timestamp" : 3701336,
    "button" : "START"
  }, {
    "@type" : "buttonUp",
    "timestamp" : 3758908,
    "button" : "START"
  }, {
    "@type" : "snapshot",
    "timestamp" : 4000000,
    "hash" : "5A8C6EFC434822440F4F2744F8F76F7EF0B98630"
  }, {
    "@type" : "snapshot",
    "timestamp" : 5000000,
    "hash" : "ADEAFD6F06A1A8C17B2139877B02229136181FDB"
  }, {
    "@type" : "buttonDown",
    "timestamp" : 5386083,
    "button" : "A"
  }, {
    "@type" : "buttonUp",
    "timestamp" : 5465270,
    "button" : "A"
  }, {
    "@type" : "snapshot",
    "timestamp" : 6000000,
    "hash" : "5EE071B83CF6A9C8CE4FF7AC85B0E268F0824FAB"
  }, {
    "@type" : "snapshot",
    "timestamp" : 7000000,
    "hash" : "E8513CAEA549D4454DCF410F746A39EB13E4C20F"
  }, {
    "@type" : "buttonDown",
    "timestamp" : 7121371,
    "button" : "LEFT"
  }, {
    "@type" : "buttonUp",
    "timestamp" : 7160086,
    "button" : "LEFT"
  }, {
    "@type" : "buttonDown",
    "timestamp" : 7207203,
    "button" : "LEFT"
  }, {
    "@type" : "buttonUp",
    "timestamp" : 7270570,
    "button" : "LEFT"
  }, {
    "@type" : "buttonDown",
    "timestamp" : 7321437,
    "button" : "LEFT"
  }, {
    "@type" : "buttonUp",
    "timestamp" : 7400265,
    "button" : "LEFT"
  }, {
    "@type" : "buttonDown",
    "timestamp" : 7444004,
    "button" : "UP"
  }, {
    "@type" : "buttonUp",
    "timestamp" : 7501394,
    "button" : "UP"
  }, {
    "@type" : "snapshot",
    "timestamp" : 8000000,
    "hash" : "B682A6C4E9AEFDC9C708BCCEA72CB478FB96B32E"
  }, {
    "@type" : "buttonDown",
    "timestamp" : 8315371,
    "button" : "RIGHT"
  }, {
    "@type" : "buttonUp",
    "timestamp" : 8332911,
    "button" : "RIGHT"
  }, {
    "@type" : "buttonDown",
    "timestamp" : 8388591,
    "button" : "RIGHT"
  }, {
    "@type" : "buttonUp",
    "timestamp" : 8428314,
    "button" : "RIGHT"
  }, {
    "@type" : "buttonDown",
    "timestamp" : 8473526,
    "button" : "RIGHT"
  }, {
    "@type" : "buttonUp",
    "timestamp" : 8518887,
    "button" : "RIGHT"
  }, {
    "@type" : "buttonDown",
    "timestamp" : 8586049,
    "button" : "RIGHT"
  }, {
    "@type" : "buttonUp",
    "timestamp" : 8615278,
    "button" : "RIGHT"
  }, {
    "@type" : "buttonDown",
    "timestamp" : 8675289,
    "button" : "RIGHT"
  }, {
    "@type" : "buttonUp",
    "timestamp" : 8705920,
    "button" : "RIGHT"
  }, {
    "@type" : "buttonDown",
    "timestamp" : 8750408,
    "button" : "RIGHT"
  }, {
    "@type" : "snapshot",
    "timestamp" : 9000000,
    "hash" : "C63512E65E93895631EE18C4525E0C34E986C793"
  }, {
    "@type" : "buttonUp",
    "timestamp" : 9968446,
    "button" : "RIGHT"
  }, {
    "@type" : "buttonDown",
    "timestamp" : 9971758,
    "button" : "A"
  }, {
    "@type" : "buttonUp",
    "timestamp" : 9990669,
    "button" : "A"
  }, {
    "@type" : "snapshot",
    "timestamp" : 10000000,
    "hash" : "6A2FC60765D2F7809966C76ECD9BBDE95791455E"
  }, {
    "@type" : "buttonDown",
    "timestamp" : 10011401,
    "button" : "B"
  }, {
    "@type" : "buttonUp",
    "timestamp" : 10268100,
    "button" : "B"
  }, {
    "@type" : "buttonDown",
    "timestamp" : 10374390,
    "button" : "DOWN"
  }, {
    "@type" : "buttonUp",
    "timestamp" : 10453701,
    "button" : "DOWN"
  }, {
    "@type" : "snapshot",
    "timestamp" : 11000000,
    "hash" : "25A5971FBC750FC2FA16D6C9017A777FF1A808B3"
  }, {
    "@type" : "buttonDown",
    "timestamp" : 11204274,
    "button" : "A"
  }, {
    "@type" : "buttonDown",
    "timestamp" : 11310735,
    "button" : "RIGHT"
  }, {
    "@type" : "buttonUp",
    "timestamp" : 11350085,
    "button" : "A"
  }, {
    "@type" : "buttonDown",
    "timestamp" : 11351980,
    "button" : "B"
  }, {
    "@type" : "buttonUp",
    "timestamp" : 11419730,
    "button" : "B"
  }, {
    "@type" : "buttonDown",
    "timestamp" : 11544639,
    "button" : "B"
  }, {
    "@type" : "buttonUp",
    "timestamp" : 11556509,
    "button" : "RIGHT"
  }, {
    "@type" : "buttonUp",
    "timestamp" : 11638197,
    "button" : "B"
  }, {
    "@type" : "snapshot",
    "timestamp" : 12000000,
    "hash" : "D402B6CCBCA65093B995070F1ECD1A0516833620"
  }, {
    "@type" : "close",
    "timestamp" : 12298316
  } ]
}