{
  "romHash" : "118307DA6C77A592F0884BAAD14120301D8D3A1B",
  "stimuli" : [ {
    "@type" : "snapshot",
    "timestamp" : 1000000,
    "hash" : "7716D08D725AF38C96478619C96F419ABC9E273E"
  }, {
    "@type" : "buttonDown",
    "timestamp" : 1902293,
    "button" : "START"
  }, {
    "@type" : "buttonUp",
    "timestamp" : 1966611,
    "button" : "START"
  }, {
    "@type" : "snapshot",
    "timestamp" : 2000000,
    "hash" : "0E2AF1A9E407C9266337BDA3E4DF312803EF4239"
  }, {
    "@type" : "snapshot",
    "timestamp" : 3000000,
    "hash" : "41B12883F348272A14CD115E5B061CA960E494DE"
  }, {
    "@type" : "buttonDown",
    "timestamp" : 3272058,
    "button" : "START"
  }, {
    "@type" : "buttonUp",
    "timestamp" : 3353752,
    "button" : "START"
  }, {
    "@type" : "buttonDown",
    "timestamp" : 3958296,
    "button" : "START"
  }, {
    "@type" : "snapshot",
    "timestamp" : 4000000,
    "hash" : "41B12883F348272A14CD115E5B061CA960E494DE"
  }, {
    "@type" : "buttonUp",
    "timestamp" : 4035070,
    "button" : "START"
  }, {
    "@type" : "buttonDown",
    "timestamp" : 4704979,
    "button" : "START"
  }, {
    "@type" : "buttonUp",
    "timestamp" : 4780602,
    "button" : "START"
  }, {
    "@type" : "snapshot",
    "timestamp" : 5000000,
    "hash" : "5A8C6EFC434822440F4F2744F8F76F7EF0B98630"
  }, {
    "@type" : "snapshot",
    "timestamp" : 6000000,
    "hash" : "19702DC6A7C3AA61738A0E25DE778B332F135DF8"
  }, {
    "@type" : "buttonDown",
    "timestamp" : 6470218,
    "button" : "A"
  }, {
    "@type" : "buttonUp",
    "timestamp" : 6564379,
    "button" : "A"
  }, {
    "@type" : "snapshot",
    "timestamp" : 7000000,
    "hash" : "4886E763DF40C6166AA1C33A68B70D6C1486AB30"
  }, {
    "@type" : "snapshot",
    "timestamp" : 8000000,
    "hash" : "0E1BE87FFE22CD2DE47F963A164F87C0FB338C43"
  }, {
    "@type" : "buttonDown",
    "timestamp" : 8307787,
    "button" : "LEFT"
  }, {
    "@type" : "buttonUp",
    "timestamp" : 8352746,
    "button" : "LEFT"
  }, {
    "@type" : "buttonDown",
    "timestamp" : 8399623,
    "button" : "LEFT"
  }, {
    "@type" : "buttonUp",
    "timestamp" : 8450840,
    "button" : "LEFT"
  }, {
    "@type" : "buttonDown",
    "timestamp" : 8501564,
    "button" : "LEFT"
  }, {
    "@type" : "buttonUp",
    "timestamp" : 8577019,
    "button" : "LEFT"
  }, {
    "@type" : "buttonDown",
    "timestamp" : 8599891,
    "button" : "UP"
  }, {
    "@type" : "buttonUp",
    "timestamp" : 8668244,
    "button" : "UP"
  }, {
    "@type" : "snapshot",
    "timestamp" : 9000000,
    "hash" : "8C63A5C4DCBC775CF0FC243AED2CD51A63ECF0B2"
  }, {
    "@type" : "buttonDown",
    "timestamp" : 9889108,
    "button" : "RIGHT"
  }, {
    "@type" : "buttonUp",
    "timestamp" : 9916179,
    "button" : "RIGHT"
  }, {
    "@type" : "buttonDown",
    "timestamp" : 9957279,
    "button" : "RIGHT"
  }, {
    "@type" : "snapshot",
    "timestamp" : 10000000,
    "hash" : "C9A7FF6BCD51962E4BE58BFAA6B65A3F86D6A01A"
  }, {
    "@type" : "snapshot",
    "timestamp" : 11000000,
    "hash" : "AFF9F250F1E92396D47335F77F577C1BB4BC689E"
  }, {
    "@type" : "buttonUp",
    "timestamp" : 11129548,
    "button" : "RIGHT"
  }, {
    "@type" : "buttonDown",
    "timestamp" : 11281258,
    "button" : "B"
  }, {
    "@type" : "buttonUp",
    "timestamp" : 11510925,
    "button" : "B"
  }, {
    "@type" : "buttonDown",
    "timestamp" : 11654979,
    "button" : "DOWN"
  }, {
    "@type" : "buttonUp",
    "timestamp" : 11740072,
    "button" : "DOWN"
  }, {
    "@type" : "snapshot",
    "timestamp" : 12000000,
    "hash" : "D57B81B637C7250FE7C1844B8BFCDD2AAE8FB298"
  }, {
    "@type" : "buttonDown",
    "timestamp" : 12505877,
    "button" : "RIGHT"
  }, {
    "@type" : "buttonUp",
    "timestamp" : 12557119,
    "button" : "RIGHT"
  }, {
    "@type" : "buttonDown",
    "timestamp" : 12559917,
    "button" : "B"
  }, {
    "@type" : "buttonUp",
    "timestamp" : 12645428,
    "button" : "B"
  }, {
    "@type" : "snapshot",
    "timestamp" : 13000000,
    "hash" : "21D5D5F52D83617E0380EDC0A61172DEB304B685"
  }, {
    "@type" : "buttonDown",
    "timestamp" : 13009108,
    "button" : "UP"
  }, {
    "@type" : "buttonUp",
    "timestamp" : 13058309,
    "button" : "UP"
  }, {
    "@type" : "buttonDown",
    "timestamp" : 13086161,
    "button" : "RIGHT"
  }, {
    "@type" : "buttonDown",
    "timestamp" : 13096330,
    "button" : "A"
  }, {
    "@type" : "buttonUp",
    "timestamp" : 13323574,
    "button" : "A"
  }, {
    "@type" : "buttonDown",
    "timestamp" : 13341998,
    "button" : "B"
  }, {
    "@type" : "buttonUp",
    "timestamp" : 13424201,
    "button" : "B"
  }, {
    "@type" : "buttonDown",
    "timestamp" : 13720630,
    "button" : "B"
  }, {
    "@type" : "buttonUp",
    "timestamp" : 13887574,
    "button" : "B"
  }, {
    "@type" : "buttonUp",
    "timestamp" : 13933297,
    "button" : "RIGHT"
  }, {
    "@type" : "snapshot",
    "timestamp" : 14000000,
    "hash" : "EA95CD8E86E8992A768BB6A15353F37ECD099869"
  }, {
    "@type" : "buttonDown",
    "timestamp" : 14192547,
    "button" : "RIGHT"
  }, {
    "@type" : "buttonUp",
    "timestamp" : 14416840,
    "button" : "RIGHT"
  }, {
    "@type" : "close",
    "timestamp" : 14546537
  } ]
}