{
  "romHash" : "D222DBBA5BD3716BBF62CA91167C6A9D15C60065",
  "stimuli" : [ {
    "@type" : "buttonDown",
    "timestamp" : 659388,
    "button" : "START"
  }, {
    "@type" : "buttonUp",
    "timestamp" : 737856,
    "button" : "START"
  }, {
    "@type" : "snapshot",
    "timestamp" : 1000000,
    "hash" : "79EF3B2753AE907AC9C5D711A94DFA2B229D2186"
  }, {
    "@type" : "snapshot",
    "timestamp" : 2000000,
    "hash" : "79EF3B2753AE907AC9C5D711A94DFA2B229D2186"
  }, {
    "@type" : "snapshot",
    "timestamp" : 3000000,
    "hash" : "79EF3B2753AE907AC9C5D711A94DFA2B229D2186"
  }, {
    "@type" : "snapshot",
    "timestamp" : 4000000,
    "hash" : "C3E4BFA19BF9B5167C7638930EFC0EE62F8C3C12"
  }, {
    "@type" : "snapshot",
    "timestamp" : 5000000,
    "hash" : "4086C9B0E725BCBA57CEBD6EDDEA058480CB4A54"
  }, {
    "@type" : "buttonDown",
    "timestamp" : 5067492,
    "button" : "RIGHT"
  }, {
    "@type" : "snapshot",
    "timestamp" : 6000000,
    "hash" : "C4330C64542756BB277253957A61A43113C76B65"
  }, {
    "@type" : "buttonDown",
    "timestamp" : 6873960,
    "button" : "UP"
  }, {
    "@type" : "buttonUp",
    "timestamp" : 6878805,
    "button" : "RIGHT"
  }, {
    "@type" : "snapshot",
    "timestamp" : 7000000,
    "hash" : "CFAEE852C4075FAAAE94F2B6E96EED57AB26AA63"
  }, {
    "@type" : "buttonDown",
    "timestamp" : 7524152,
    "button" : "LEFT"
  }, {
    "@type" : "buttonUp",
    "timestamp" : 7529194,
    "button" : "UP"
  }, {
    "@type" : "snapshot",
    "timestamp" : 8000000,
    "hash" : "DC2B7BF57A0C0784856ADCE9E4D3C48B2FA5574C"
  }, {
    "@type" : "buttonDown",
    "timestamp" : 8639982,
    "button" : "UP"
  }, {
    "@type" : "buttonUp",
    "timestamp" : 8648305,
    "button" : "LEFT"
  }, {
    "@type" : "snapshot",
    "timestamp" : 9000000,
    "hash" : "EB232C9684F685C65675F7C49562E920029DD32D"
  }, {
    "@type" : "buttonDown",
    "timestamp" : 9397966,
    "button" : "RIGHT"
  }, {
    "@type" : "buttonUp",
    "timestamp" : 9430037,
    "button" : "UP"
  }, {
    "@type" : "buttonDown",
    "timestamp" : 9621358,
    "button" : "UP"
  }, {
    "@type" : "buttonUp",
    "timestamp" : 9639069,
    "button" : "RIGHT"
  }, {
    "@type" : "snapshot",
    "timestamp" : 10000000,
    "hash" : "7380B2C7041775D57197E44429FF58AC0BBFA549"
  }, {
    "@type" : "buttonDown",
    "timestamp" : 10467348,
    "button" : "LEFT"
  }, {
    "@type" : "buttonUp",
    "timestamp" : 10512685,
    "button" : "UP"
  }, {
    "@type" : "buttonDown",
    "timestamp" : 10767242,
    "button" : "A"
  }, {
    "@type" : "buttonUp",
    "timestamp" : 10878047,
    "button" : "A"
  }, {
    "@type" : "snapshot",
    "timestamp" : 11000000,
    "hash" : "D4B8051122A3644CD0F84B137BB59D9CDFDF3BC7"
  }, {
    "@type" : "buttonUp",
    "timestamp" : 11236879,
    "button" : "LEFT"
  }, {
    "@type" : "close",
    "timestamp" : 11552181
  } ]
}