{
  "romHash" : "D222DBBA5BD3716BBF62CA91167C6A9D15C60065",
  "stimuli" : [ {
    "@type" : "buttonDown",
    "timestamp" : 747409,
    "button" : "START"
  }, {
    "@type" : "buttonUp",
    "timestamp" : 795278,
    "button" : "START"
  }, {
    "@type" : "snapshot",
    "timestamp" : 1000000,
    "hash" : "79EF3B2753AE907AC9C5D711A94DFA2B229D2186"
  }, {
    "@type" : "snapshot",
    "timestamp" : 2000000,
    "hash" : "79EF3B2753AE907AC9C5D711A94DFA2B229D2186"
  }, {
    "@type" : "snapshot",
    "timestamp" : 3000000,
    "hash" : "79EF3B2753AE907AC9C5D711A94DFA2B229D2186"
  }, {
    "@type" : "snapshot",
    "timestamp" : 4000000,
    "hash" : "C3E4BFA19BF9B5167C7638930EFC0EE62F8C3C12"
  }, {
    "@type" : "snapshot",
    "timestamp" : 5000000,
    "hash" : "4086C9B0E725BCBA57CEBD6EDDEA058480CB4A54"
  }, {
    "@type" : "buttonDown",
    "timestamp" : 5033372,
    "button" : "RIGHT"
  }, {
    "@type" : "buttonUp",
    "timestamp" : 5085388,
    "button" : "RIGHT"
  }, {
    "@type" : "buttonDown",
    "timestamp" : 5132778,
    "button" : "RIGHT"
  }, {
    "@type" : "snapshot",
    "timestamp" : 6000000,
    "hash" : "4BC91D30F81D5B2AB67517C0DA9F011E02830210"
  }, {
    "@type" : "buttonDown",
    "timestamp" : 6898699,
    "button" : "UP"
  }, {
    "@type" : "buttonUp",
    "timestamp" : 6908770,
    "button" : "RIGHT"
  }, {
    "@type" : "snapshot",
    "timestamp" : 7000000,
    "hash" : "A8B3DA61FDC666B05BFB8374BA468E39CB487E50"
  }, {
    "@type" : "buttonDown",
    "timestamp" : 7493872,
    "button" : "LEFT"
  }, {
    "@type" : "buttonUp",
    "timestamp" : 7518408,
    "button" : "UP"
  }, {
    "@type" : "snapshot",
    "timestamp" : 8000000,
    "hash" : "9BAB3CC601C2C487AF2DC15FFA11738635F3F822"
  }, {
    "@type" : "buttonDown",
    "timestamp" : 8591772,
    "button" : "UP"
  }, {
    "@type" : "buttonUp",
    "timestamp" : 8607009,
    "button" : "LEFT"
  }, {
    "@type" : "snapshot",
    "timestamp" : 9000000,
    "hash" : "518679DBC2133B88380B1F6DE0A469613EDF2C82"
  }, {
    "@type" : "buttonDown",
    "timestamp" : 9351447,
    "button" : "RIGHT"
  }, {
    "@type" : "buttonUp",
    "timestamp" : 9401960,
    "button" : "UP"
  }, {
    "@type" : "buttonDown",
    "timestamp" : 9544252,
    "button" : "UP"
  }, {
    "@type" : "buttonUp",
    "timestamp" : 9605738,
    "button" : "RIGHT"
  }, {
    "@type" : "snapshot",
    "timestamp" : 10000000,
    "hash" : "1F05FD7DF138A02FFFA50A2A5E8AECBB3C366A97"
  }, {
    "@type" : "buttonDown",
    "timestamp" : 10386150,
    "button" : "LEFT"
  }, {
    "@type" : "buttonUp",
    "timestamp" : 10401464,
    "button" : "UP"
  }, {
    "@type" : "buttonDown",
    "timestamp" : 10452336,
    "button" : "A"
  }, {
    "@type" : "buttonUp",
    "timestamp" : 10680268,
    "button" : "A"
  }, {
    "@type" : "buttonUp",
    "timestamp" : 10948351,
    "button" : "LEFT"
  }, {
    "@type" : "snapshot",
    "timestamp" : 11000000,
    "hash" : "62E1D5F991667126E077398CFA79FBCB5F2E3AFA"
  }, {
    "@type" : "close",
    "timestamp" : 11313357
  } ]
}