{
  "romHash" : "D222DBBA5BD3716BBF62CA91167C6A9D15C60065",
  "stimuli" : [ {
    "@type" : "buttonDown",
    "timestamp" : 747409,
    "button" : "START"
  }, {
    "@type" : "buttonUp",
    "timestamp" : 795278,
    "button" : "START"
  }, {
    "@type" : "snapshot",
    "timestamp" : 1000000,
    "hash" : "7C12BFD77A9ACCE9D9FBD2C4152C01CA72B3CCE7"
  }, {
    "@type" : "snapshot",
    "timestamp" : 2000000,
    "hash" : "7C12BFD77A9ACCE9D9FBD2C4152C01CA72B3CCE7"
  }, {
    "@type" : "snapshot",
    "timestamp" : 3000000,
    "hash" : "7C12BFD77A9ACCE9D9FBD2C4152C01CA72B3CCE7"
  }, {
    "@type" : "snapshot",
    "timestamp" : 4000000,
    "hash" : "24D4B6EA9518A409FB89F0D25D76EB0A1E1AACEB"
  }, {
    "@type" : "snapshot",
    "timestamp" : 5000000,
    "hash" : "9036EBCED8B386453F165B4C2BB6EFD91308BF33"
  }, {
    "@type" : "buttonDown",
    "timestamp" : 5033372,
    "button" : "RIGHT"
  }, {
    "@type" : "buttonUp",
    "timestamp" : 5085388,
    "button" : "RIGHT"
  }, {
    "@type" : "buttonDown",
    "timestamp" : 5132778,
    "button" : "RIGHT"
  }, {
    "@type" : "snapshot",
    "timestamp" : 6000000,
    "hash" : "2D299B3D8EF78EA12D08F5DFFF27B530ACEB7659"
  }, {
    "@type" : "buttonDown",
    "timestamp" : 6898699,
    "button" : "UP"
  }, {
    "@type" : "buttonUp",
    "timestamp" : 6908770,
    "button" : "RIGHT"
  }, {
    "@type" : "snapshot",
    "timestamp" : 7000000,
    "hash" : "44CCF8E039003E7B1072957614869D32512E3E90"
  }, {
    "@type" : "buttonDown",
    "timestamp" : 7493872,
    "button" : "LEFT"
  }, {
    "@type" : "buttonUp",
    "timestamp" : 7518408,
    "button" : "UP"
  }, {
    "@type" : "snapshot",
    "timestamp" : 8000000,
    "hash" : "F482A30C1322842FC5B0DF9DFB3EE5BD767F8BE3"
  }, {
    "@type" : "buttonDown",
    "timestamp" : 8591772,
    "button" : "UP"
  }, {
    "@type" : "buttonUp",
    "timestamp" : 8607009,
    "button" : "LEFT"
  }, {
    "@type" : "snapshot",
    "timestamp" : 9000000,
    "hash" : "460ABBC4653CE30BBFE2B453228D64B43EE894D5"
  }, {
    "@type" : "buttonDown",
    "timestamp" : 9351447,
    "button" : "RIGHT"
  }, {
    "@type" : "buttonUp",
    "timestamp" : 9401960,
    "button" : "UP"
  }, {
    "@type" : "buttonDown",
    "timestamp" : 9544252,
    "button" : "UP"
  }, {
    "@type" : "buttonUp",
    "timestamp" : 9605738,
    "button" : "RIGHT"
  }, {
    "@type" : "snapshot",
    "timestamp" : 10000000,
    "hash" : "4DBAFDAA456918F7C3B81D2229D7C6DB2824A764"
  }, {
    "@type" : "buttonDown",
    "timestamp" : 10386150,
    "button" : "LEFT"
  }, {
    "@type" : "buttonUp",
    "timestamp" : 10401464,
    "button" : "UP"
  }, {
    "@type" : "buttonDown",
    "timestamp" : 10452336,
    "button" : "A"
  }, {
    "@type" : "buttonUp",
    "timestamp" : 10680268,
    "button" : "A"
  }, {
    "@type" : "buttonUp",
    "timestamp" : 10948351,
    "button" : "LEFT"
  }, {
    "@type" : "snapshot",
    "timestamp" : 11000000,
    "hash" : "5E98DD7C652153E0F3EF42779FE88FA263B11EF4"
  }, {
    "@type" : "close",
    "timestamp" : 11313357
  } ]
}